dataId,type,route,county,location,description,startTime,anticipatedEndTime,lastUpdated,extraColumn,latitude,longitude
UT-Incident--172466,Incidents,HARRISON BLVD,Weber County,HARRISON BLVD 3052,"Crash
SB Harrison Blvd at 32nd St Weber Co.
Right Shoulder
Est. Clearance Time: 1:30 PM","12/19/23, 12:36 PM","12/19/23, 1:30 PM","12/19/23, 12:38 PM",,41.206499,-111.948523
UT-Incident--172468,Incidents,I-15,Utah County,I-15 at MP 266,"Crash
NB I-15 at MP 266 (N of Center St) Utah Co.
Right Shoulder
Est. Clearance Time: 1:45 PM","12/19/23, 12:54 PM","12/19/23, 1:45 PM","12/19/23, 12:54 PM",,40.238135,-111.689206
UT-Incident--172469,Incidents,I-15,Davis County,I-15 at MP 320,"Crash
SB I-15 at MP 320 (1400 N, Centrvl) Davis Co.
Est. Clearance Time: 2:30 PM","12/19/23, 1:19 PM","12/19/23, 2:30 PM","12/19/23, 1:19 PM",,40.928541,-111.891476
UT-Incident--172467,Incidents,Main St,Tooele County,Main St at 900 S,"Crash
NB Main St at 900 S Tooele Co.
Est. Clearance Time: 1:49 PM","12/19/23, 12:50 PM","12/19/23, 1:49 PM","12/19/23, 12:50 PM",,40.513875,-112.309464
UT-Incident--172470,Incidents,I-215 S,Salt Lake County,I-215 S at MP 12,"Crash
EB I-215 S at MP 12 (1200 W) Salt Lake Co.
Left Lane Closed
Est. Clearance Time: 3:15 PM","12/19/23, 2:11 PM","12/19/23, 3:15 PM","12/19/23, 2:57 PM",,40.636258,-111.914012
UT-Incident--172472,Incidents,Hwy 36,Tooele County,Hwy 36 at Bates Canyon Rd,"Crash
NB Hwy 36 at Bates Canyon Rd Tooele Co.
2 Left Lanes Closed
Est. Clearance Time: 5:45 PM","12/19/23, 4:34 PM","12/19/23, 5:45 PM","12/19/23, 4:34 PM",,40.618388,-112.29435
UT-Incident--172473,Incidents,I-15,Utah County,I-15 at MP 253,"Crash
SB I-15 at MP 253 (8000 S / Spanish Fork) Utah Co.
Right Shoulder
Est. Clearance Time: 6:00 PM","12/19/23, 4:56 PM","12/19/23, 6:00 PM","12/19/23, 4:56 PM",,40.079244,-111.709158
UT-Incident--172476,Incidents,I-15,Utah County,I-15 at MP 265,"Crash
SB I-15 at MP 265 (Center St / Provo) Utah Co.
Right Shoulder
Est. Clearance Time: 6:25 PM","12/19/23, 5:19 PM","12/19/23, 6:25 PM","12/19/23, 5:19 PM",,40.226604,-111.677837
UT-Incident--172471,Incidents,SR 126,Weber County,SR 126 at MP 9,"Crash
NB 1900 W at 5500 S Weber Co.
Est. Clearance Time: 7:00 PM","12/19/23, 3:41 PM","12/19/23, 7:00 PM","12/19/23, 5:26 PM",,41.165417,-112.026027
UT-Incident--172481,Incidents,Washington Blvd,Weber County,Washington Blvd at 4700 S,"Crash
NB Washington Blvd at 4700 S Weber Co.
Right Shoulder
Est. Clearance Time: 6:45 PM","12/19/23, 5:48 PM","12/19/23, 6:45 PM","12/19/23, 5:48 PM",,41.177369,-111.971465
UT-Incident--172484,Incidents,I-15,Millard County,I-15 at MP 136,"Crash
NB I-15 at MP 136 (2 mi N of Cove Fort) Millard Co.
Left Shoulder
Est. Clearance Time: 7:30 PM","12/19/23, 6:18 PM","12/19/23, 7:30 PM","12/19/23, 6:18 PM",,38.631515,-112.610353
UT-Incident--172483,Incidents,I-215 W,Salt Lake County,I-215 W at MP 17,"Crash
SB I-215 W at MP 17 On Ramp (3500 S) Salt Lake Co.
Right Shoulder
Est. Clearance Time: 7:25 PM","12/19/23, 6:16 PM","12/19/23, 7:25 PM","12/19/23, 6:16 PM",,40.688869,-111.951947
UT-Incident--172482,Incidents,I-70,Grand County,I-70 at MP 196,"Crash
EB I-70 at MP 196 (26 mi E of Green River) Grand Co.
Est. Clearance Time: 7:00 PM","12/19/23, 6:00 PM","12/19/23, 7:00 PM","12/19/23, 6:00 PM",,38.942752,-109.567655
UT-Incident--172479,Incidents,US 6,Carbon County,US 6 at MP 248,"Crash
US 6 at MP 248 (1150 East, Wellington) Carbon Co.
Est. Clearance Time: 7:15 PM","12/19/23, 5:33 PM","12/19/23, 7:15 PM","12/19/23, 6:40 PM",,39.542499,-110.71375
UT-Incident--172480,Incidents,I-80,Salt Lake County,I-80 at MP 132,"Crash
WB I-80 at MP 132 (1 mi E of the Quarry) Salt Lake Co.
Right Shoulder
Est. Clearance Time: 7:15 PM","12/19/23, 5:45 PM","12/19/23, 7:15 PM","12/19/23, 6:43 PM",,40.741134,-111.741641
UT-Incident--172485,Incidents,SR 147,Utah County,SR 147 at MP 2,"Crash
Both Directions SR 147 Closed
 at MP 2 (8800 S) Utah Co.","12/19/23, 6:36 PM","12/19/23, 7:45 PM","12/19/23, 7:21 PM",,40.069909,-111.787655
UT-Incident--172489,Incidents,SR 201,Salt Lake County,SR 201 at MP 14,"Crash
WB SR 201 at MP 14 (3000 W) Salt Lake Co.
Right Shoulder
Est. Clearance Time: 10:20 PM","12/19/23, 9:16 PM","12/19/23, 10:20 PM","12/19/23, 9:16 PM",,40.72606,-111.962907
UT-Incident--172486,Incidents,Bangerter Hwy,Salt Lake County,Bangerter Hwy at 2100 S,"Crash
SB Bangerter Hwy at 2100 S Salt Lake Co.
Left Lane Closed
Est. Clearance Time: 9:45 PM","12/19/23, 8:41 PM","12/19/23, 9:45 PM","12/19/23, 8:41 PM",,0.0,0.0
UT-Incident--172491,Incidents,I-15,Davis County,I-15 at MP 315,"Stalled Vehicle
NB I-15 Offramp at MP 315 (2600 S, Woods X) Davis Co.
Est. Clearance Time: 10:30 PM","12/19/23, 10:16 PM","12/19/23, 10:30 PM","12/19/23, 10:16 PM",,40.85851,-111.904912
UT-Incident--172477,Incidents,I-80,Tooele County,I-80 at MP 63,"Crash
EB I-80 at MP 63 (1 mi E of Lakeside) Tooele Co.
Est. Clearance Time: 10:00 PM","12/19/23, 5:24 PM","12/19/23, 10:00 PM","12/19/23, 9:18 PM",,40.818343,-112.882529
UT-Incident--172487,Incidents,Legacy Pkwy,Davis County,Legacy Pkwy at MP 2,"Lane Closure
NB Legacy Pkwy at MP 2 (900 N) Davis Co.
Right Lane Closed
Est. Clearance Time: 9:45 PM","12/19/23, 8:44 PM","12/19/23, 9:45 PM","12/19/23, 8:44 PM",,40.855369,-111.943437
UT-Incident--172492,Incidents,500 W,Davis County,500 W at 1100 N,"Crash
NB 500 W at 1000 N Davis Co.
Right Shoulder
Est. Clearance Time: 11:15 PM","12/19/23, 10:24 PM","12/19/23, 11:15 PM","12/19/23, 10:24 PM",,0.0,0.0
UT-Incident--172493,Incidents,I-15,Utah County,I-15 at MP 262,"Crash
NB I-15 at MP 262 (Provo) Utah Co.
Right Shoulder
Est. Clearance Time: 11:25 PM","12/19/23, 10:25 PM","12/19/23, 11:25 PM","12/19/23, 10:25 PM",,40.190632,-111.64694
UT-Incident--172490,Incidents,I-15,Davis County,I-15 at MP 313,"Crash
SB I-15 at MP 313 (I-15/I-215 N Jct) Davis Co.
Ramp To I-215 Closed
Est. Clearance Time: 11:15 PM","12/19/23, 10:09 PM","12/19/23, 11:15 PM","12/19/23, 10:26 PM",,40.831692,-111.91596
UT-Incident--172494,Incidents,SR 132,Sanpete County,SR 132 at MP 42,"Crash
SR 132 at MP 42 (4.5 MI of Fountian Green) Sanpete Co.
Est. Clearance Time: 12/20/2023 12:00 AM","12/19/23, 10:39 PM","12/20/23, 12:00 AM","12/19/23, 10:39 PM",,39.693316,-111.689214
UT-Incident--172488,Incidents,US 89,Davis County,US 89 at MP 405,"Crash
SB US 89 Closed at MP 405 (South Weber Drive) Davis Co.","12/19/23, 9:02 PM","12/20/23, 1:00 AM","12/19/23, 11:48 PM",,41.117602,-111.908671
UT-Incident--172495,Incidents,I-80,Tooele County,I-80 at MP 72,"Crash
EB I-80 at MP 72 (1 mi E of Skull Valley) Tooele Co.
Right Lane Closed
Est. Clearance Time: 1:36 AM","12/20/23, 12:36 AM","12/20/23, 1:36 AM","12/20/23, 2:32 AM",,40.75449,-112.736396
UT-Incident--172496,Incidents,I-15,Utah County,I-15 at MP 267,"Crash
SB I-15 at MP 267 (N of Center St) Utah Co.
Right Shoulder
Est. Clearance Time: 3:12 AM","12/20/23, 2:12 AM","12/20/23, 3:12 AM","12/20/23, 2:19 AM",,40.251153,-111.695664
UT-Incident--172499,Incidents,300 W,Salt Lake County,300 W at 300 N,"Crash
SB 300 W at 300 N Salt Lake Co.
Est. Clearance Time: 6:56 AM","12/20/23, 5:58 AM","12/20/23, 6:56 AM","12/20/23, 5:58 AM",,40.775862,-111.899678
UT-Incident--172502,Incidents,HWY 36,Tooele County,HWY 36 at OLD BAUER RD,"Crash
SR-36 at MP 50 (N of Stockton) Tooele Co.
Est. Clearance Time: 8:15 AM","12/20/23, 7:17 AM","12/20/23, 8:15 AM","12/20/23, 7:17 AM",,40.487289,-112.337488
UT-Incident--172497,Incidents,I-84,Morgan County,I-84 at MP 112,"Crash
WB I-84 at MP 112 (3 mi N of Henefer) Morgan County
Right Shoulder
Est. Clearance Time: 6:30 AM","12/20/23, 5:14 AM","12/20/23, 6:30 AM","12/20/23, 5:14 AM",,41.053793,-111.530203
UT-Incident--172501,Incidents,I-15,Iron County,I-15 at MP 87,"Vehicle on fire
SB I-15 at MP 87 (10 mi N of Parowan) Iron Co.
Est. Clearance Time: 8:45 AM","12/20/23, 6:43 AM","12/20/23, 8:45 AM","12/20/23, 6:43 AM",,37.972209,-112.742728
UT-Incident--172504,Incidents,I-15,Salt Lake County,I-15 at MP 299,"Crash
NB I-15 at MP 299 (I-15/I-215 Jct) Salt Lake Co.
Left Shoulder
Est. Clearance Time: 9:15 AM","12/20/23, 8:02 AM","12/20/23, 9:15 AM","12/20/23, 8:02 AM",,40.63583,-111.905066
UT-Incident--172503,Incidents,Bangerter Hwy,Salt Lake County,Bangerter Hwy at 9800 S/Shields Ln,"Crash
NB Bangerter Hwy at 9800 S (South Jordan) Salt Lake County
Right Lane Closed
Est. Clearance Time: 9:00 AM","12/20/23, 7:50 AM","12/20/23, 9:00 AM","12/20/23, 7:55 AM",,40.572027,-111.977153
UT-Incident--172505,Incidents,HWY 125,Millard County,HWY 125,"Crash
SR-125 at MP 8 Millard County
Est. Clearance Time: 9:30 AM","12/20/23, 8:18 AM","12/20/23, 9:30 AM","12/20/23, 8:18 AM",,39.362434,-112.349352
UT-Incident--172500,Incidents,I-84,Morgan County,I-84 at MP 111,"Crash
EB I-84 at MP 111 (4 mi N of Henefer) Morgan Co.
Est. Clearance Time: 8:30 AM","12/20/23, 6:33 AM","12/20/23, 8:30 AM","12/20/23, 6:58 AM",,41.062245,-111.544665
UT-Incident--172506,Incidents,I-15 SB X 289 On Bangerter Ramp,Salt Lake County,I-15 SB X 289 On Bangerter Ramp at Bangerter Hwy,"Stalled Vehicle
SB I-15 Bangerter On Ramp (Draper) Salt Lake Co.
Right Lane Closed
Est. Clearance Time: 12:00 PM","12/20/23, 11:01 AM","12/20/23, 12:00 PM","12/20/23, 11:01 AM",,40.503428,-111.891848
UT-Incident--172507,Incidents,I-15,Utah County,I-15 at MP 253,"Vehicle on fire
SB I-15 at MP 253 (8000 S / Spanish Fork) Utah Co.
Cleared at 1:19 PM, Expect Residual Delays","12/20/23, 11:25 AM","12/20/23, 12:30 PM","12/20/23, 1:19 PM",,40.079244,-111.709158
UT-Incident--172508,Incidents,I-15,Juab County,I-15 at MP 226,"Crash
SB I-15 at MP 226 (SR-132 Jct / Nephi) Juab Co.
Right Shoulder
Est. Clearance Time: 12:30 PM","12/20/23, 11:28 AM","12/20/23, 12:30 PM","12/20/23, 11:28 AM",,39.720909,-111.819443
UT-Incident--172509,Incidents,I-80 EB X117 To I-215w NB Ramp,Salt Lake County,I-80 EB X117 To I-215w NB Ramp at I-215w NB,"Crash
EB I-80 Exit 117 To I-215w NB On Ramp Salt Lake Co.
Right Shoulder
Est. Clearance Time: 1:45 PM","12/20/23, 12:38 PM","12/20/23, 1:45 PM","12/20/23, 12:38 PM",,40.763222,-111.950981
UT-Incident--172512,Incidents,600 W,Wasatch County,600 W at HWY 113/MIDWAY LN,"Crash
WB 600 W at Midway Ln (Heber) Wasatch Co.
Est. Clearance Time: 3:30 PM","12/20/23, 2:27 PM","12/20/23, 3:30 PM","12/20/23, 2:30 PM",,40.50668,-111.423141
UT-Incident--172511,Incidents,US 89,Davis County,US 89 at CENTER ST,"Crash
US 89 at Center St (North SL) Davis County
Est. Clearance Time: 2:15 PM","12/20/23, 1:14 PM","12/20/23, 2:15 PM","12/20/23, 1:14 PM",,40.841915,-111.910247
UT-Incident--172513,Incidents,Hwy 193,Davis County,Hwy 193 at US 89,"Crash
EB Hwy 193 at US 89 Davis Co.
Left Lane Closed
Est. Clearance Time: 4:00 PM","12/20/23, 2:58 PM","12/20/23, 4:00 PM","12/20/23, 2:58 PM",,41.108049,-111.913688
UT-Incident--172514,Incidents,ALPINE HWY,Utah County,ALPINE HWY at TIMPANOGOS HWY,"Crash
EB Timpanogos Hwy at 5300 W Utah Co.
Est. Clearance Time: 4:45 PM","12/20/23, 3:41 PM","12/20/23, 4:45 PM","12/20/23, 3:42 PM",,,
UT-Incident--172515,Incidents,500 W,Davis County,500 W 251,"Crash
Both Directions 500 W at 300 S Davis Co.
Left Lane Closed NB, SB 
Est. Clearance Time: 5:15 PM","12/20/23, 4:14 PM","12/20/23, 5:15 PM","12/20/23, 4:17 PM",,40.885745,-111.892248
UT-Incident--172510,Incidents,I-80 EB X117 TO I-215W NB RAMP,Salt Lake County,I-80 EB X117 TO I-215W NB RAMP at I-215W NB,"Construction
EB I-80 Ramp to NB I-215 W (SLC) Salt Lake County
Ramp Closed","12/20/23, 1:08 PM","12/20/23, 4:30 PM","12/20/23, 1:08 PM",,40.762723,-111.953047
UT-Incident--172518,Incidents,I-215 S,Salt Lake County,I-215 S at MP 10,"Crash
WB I-215 S at MP 10 (State St) Salt Lake Co.
Right Shoulder
Est. Clearance Time: 6:30 PM","12/20/23, 5:17 PM","12/20/23, 6:30 PM","12/20/23, 5:17 PM",,40.63036,-111.877391
UT-Incident--172519,Incidents,SR 201,Salt Lake County,SR 201 at MP 14,"Crash
EB SR 201 at MP 14 (3000 W) Salt Lake Co.
Center Lane Closed
Est. Clearance Time: 6:30 PM","12/20/23, 5:20 PM","12/20/23, 6:30 PM","12/20/23, 5:20 PM",,40.72606,-111.962907
UT-Incident--172528,Incidents,US 89,Sanpete County,US 89 at MP 268,"Crash
Both Directions US 89 at MP 268 (4 miles N of Ephraim) Sanpete Co.
Right Shoulder
Est. Clearance Time: 7:15 PM","12/20/23, 6:10 PM","12/20/23, 7:15 PM","12/20/23, 6:25 PM",,39.430681,-111.554437
UT-Incident--172531,Incidents,SR 130,Iron County,SR 130 at MP 11,"Crash
Both Directions SR 130 at MP 11 (5 MI from I-15 N Jct) Iron Co.
Est. Clearance Time: 8:00 PM","12/20/23, 6:50 PM","12/20/23, 8:00 PM","12/20/23, 6:50 PM",,37.795836,-113.050593
UT-Incident--172530,Incidents,I-15,Utah County,I-15 at MP 273,"Crash
NB I-15 at MP 273 (Gneva Rd / Orem) Utah Co.
Right Lane Closed
Est. Clearance Time: 8:15 PM","12/20/23, 6:48 PM","12/20/23, 8:15 PM","12/20/23, 8:09 PM",,40.328045,-111.73498
UT-Incident--172532,Incidents,US 89,Sanpete County,US 89 at MP 247,"Crash
US 89 at MP 247 (5 miles NE of Gunnison) Sanpete Co.
Est. Clearance Time: 9:15 PM","12/20/23, 7:50 PM","12/20/23, 9:15 PM","12/20/23, 7:50 PM",,39.168397,-111.719614
UT-Incident--172533,Incidents,US 89,Davis County,US 89 at 2600 S,"Crash
Both Directions US 89 at 2600 S Davis Co.
Est. Clearance Time: 9:45 PM","12/20/23, 8:38 PM","12/20/23, 9:45 PM","12/20/23, 8:38 PM",,0.0,0.0
UT-Incident--172529,Incidents,600 S,Salt Lake County,600 S 301,"Crash
EB 600 S at 500 W Salt Lake Co.
2 Left Lanes Closed
Est. Clearance Time: 9:00 PM","12/20/23, 6:44 PM","12/20/23, 9:15 PM","12/20/23, 9:18 PM",,40.75628,-111.901597
UT-Incident--172534,Incidents,I-15,Salt Lake County,I-15 at MP 289,"Lane Closure
NB I-15 at MP 289 (Bngrtr Hwy) Salt Lake Co.
Left Shoulder
Est. Clearance Time: 9:30 PM","12/20/23, 8:40 PM","12/20/23, 9:45 PM","12/20/23, 9:31 PM",,40.492398,-111.891485
UT-Incident--172536,Incidents,I-15,Salt Lake County,I-15 at MP 294,"Crash
SB I-15 at MP 294 (10200 S) Salt Lake Co.
Right Shoulder
Est. Clearance Time: 12/21/2023 12:45 AM","12/20/23, 11:46 PM","12/21/23, 12:45 AM","12/20/23, 11:46 PM",,40.564298,-111.899489
UT-Incident--172535,Incidents,SR 113,Wasatch County,SR 113 at MP 3,"Crash
Both Directions SR 113 at MP 3 (S of Midway) Wasatch Co.
Est. Clearance Time: 12/21/2023 1:00 AM","12/20/23, 11:34 PM","12/21/23, 1:00 AM","12/20/23, 11:34 PM",,40.499033,-111.472009
UT-Incident--172537,Incidents,I-15,Utah County,I-15 at MP 268,"Medical
SB I-15 at MP 268 (S of Univ Pkwy) Utah Co.
Right Lane Closed
Est. Clearance Time: 4:42 AM","12/21/23, 3:42 AM","12/21/23, 4:42 AM","12/21/23, 3:42 AM",,40.25786,-111.702594
UT-Incident--172538,Incidents,I-15,Salt Lake County,I-15 at MP 303,"Crash
SB I-15 at MP 303 (3300 S) Salt Lake Co.
Right Shoulder
Est. Clearance Time: 8:08 AM","12/21/23, 7:08 AM","12/21/23, 8:08 AM","12/21/23, 7:08 AM",,40.691668,-111.903304
UT-Incident--172539,Incidents,Redwood Rd,Salt Lake County,Redwood Rd at Porter Rockwell Blvd,"Crash
NB Redwood Rd at Porter Rockwell Blvd (Bluffdale) Salt Lake Co.
Left Turn Lane Closed
Est. Clearance Time: 9:30 AM","12/21/23, 7:30 AM","12/21/23, 9:30 AM","12/21/23, 7:30 AM",,0.0,0.0
UT-Incident--172540,Incidents,900 W NB TO I-15 I-80 RAMP,Salt Lake County,900 W NB TO I-15 I-80 RAMP at I-80,"Crash
EB 900 W Onramp to I-80/I-15 Salt Lake County
Right Shoulder
Est. Clearance Time: 10:15 AM","12/21/23, 9:11 AM","12/21/23, 10:15 AM","12/21/23, 9:11 AM",,40.723625,-111.917046
UT-Incident--172541,Incidents,I-80,Salt Lake County,I-80 at MP 138,"Crash
WB I-80 at MP 138 (Parley Summit / Park City) Salt Lake County
Right Shoulder
Est. Clearance Time: 11:30 AM","12/21/23, 9:34 AM","12/21/23, 11:30 AM","12/21/23, 10:32 AM",,40.748027,-111.637937
UT-Incident--172542,Incidents,Bangerter Hwy,Salt Lake County,Bangerter Hwy at South Frontage Rd,"Crash
SB Bangerter Hwy at South Frontage Rd (West Valley) Salt Lake Co.
Est. Clearance Time: 12:15 PM","12/21/23, 11:09 AM","12/21/23, 12:15 PM","12/21/23, 11:09 AM",,40.723423,-111.986319
UT-Incident--172543,Incidents,I-15,Salt Lake County,I-15 at MP 292,"Crash
NB I-15 at MP 292 (11400 S Off Ramp) Salt Lake Co.
Right Shoulder
Est. Clearance Time: 1:30 PM","12/21/23, 12:27 PM","12/21/23, 1:30 PM","12/21/23, 12:38 PM",,40.53585,-111.892927
UT-Incident--172545,Incidents,I-15,Salt Lake County,I-15 at MP 289,"Debris
SB I-15 at MP 289 (Bngrtr Hwy) Salt Lake Co.
2 Left Lanes Closed
Est. Clearance Time: 2:40 PM","12/21/23, 1:34 PM","12/21/23, 2:40 PM","12/21/23, 1:37 PM",,40.492398,-111.891485
UT-Incident--172546,Incidents,I-15,Salt Lake County,I-15 at MP 292,"Crash
NB I-15 at MP 292 (11400 S) Salt Lake Co.
Right Shoulder
Est. Clearance Time: 4:00 PM","12/21/23, 2:58 PM","12/21/23, 4:00 PM","12/21/23, 2:58 PM",,40.53585,-111.892927
UT-Incident--172548,Incidents,I-15,Salt Lake County,I-15 at MP 299,"Crash
SB I-15 at MP 299 (I-15/I-215 Jct) Salt Lake Co.
Right Shoulder
Est. Clearance Time: 5:15 PM","12/21/23, 4:17 PM","12/21/23, 5:15 PM","12/21/23, 4:17 PM",,40.63583,-111.905066
UT-Incident--172547,Incidents,US 163,San Juan County,US 163 1645,"Crash
SR 163 at MP 17 San Juan County
Est. Clearance Time: 4:15 PM","12/21/23, 3:12 PM","12/21/23, 4:45 PM","12/21/23, 3:12 PM",,37.12819,-109.917216
UT-Incident--172553,Incidents,1900 W,Weber County,1900 W at Midland Dr,"Crash
All Directions 1900 W at Midland Dr Weber Co.
Est. Clearance Time: 6:30 PM","12/21/23, 5:27 PM","12/21/23, 6:30 PM","12/21/23, 5:27 PM",,41.205374,-112.025826
UT-Incident--172549,Incidents,I-15,Utah County,I-15 at MP 285,"Crash
NB I-15 at MP 285 (Lehi) Utah Co.
2 Left Lanes Closed
Est. Clearance Time: 5:30 PM","12/21/23, 4:27 PM","12/21/23, 5:30 PM","12/21/23, 4:27 PM",,40.442142,-111.903011
UT-Incident--172550,Incidents,I-15,Box Elder County,I-15 at MP 395,"Crash
NB I-15 at MP 395 (5 Mi S of UT border) Box Elder Co.
Est. Clearance Time: 5:45 PM","12/21/23, 4:35 PM","12/21/23, 5:45 PM","12/21/23, 4:35 PM",,41.924049,-112.171975
UT-Incident--172554,Incidents,I-15,Salt Lake County,I-15 at MP 300,"Crash
SB I-15 at MP 300 (5200 S) Salt Lake Co.
Right Shoulder
Est. Clearance Time: 6:30 PM","12/21/23, 5:30 PM","12/21/23, 6:30 PM","12/21/23, 5:30 PM",,40.649847,-111.90236
UT-Incident--172559,Incidents,I-80,Salt Lake County,I-80 at MP 124,"Crash
WB I-80 at MP 124 (State St / Salt Lake City) Salt Lake Co.
Right Shoulder
Est. Clearance Time: 7:30 PM","12/21/23, 6:25 PM","12/21/23, 7:30 PM","12/21/23, 6:25 PM",,40.718459,-111.873941
UT-Incident--172558,Incidents,SR 28,Juab County,SR 28 at MP 28,"Crash
SR 28 at MP 28 (1 Mi S of Levan) Juab Co.
Est. Clearance Time: 7:00 PM","12/21/23, 5:52 PM","12/21/23, 7:00 PM","12/21/23, 5:52 PM",,39.530316,-111.86442
UT-Incident--172561,Incidents,US 89,Davis County,US 89 at Park Ln,"Crash
NB US 89 at Park Ln Davis Co.
Est. Clearance Time: 9:30 PM","12/21/23, 8:20 PM","12/21/23, 9:30 PM","12/21/23, 8:20 PM",,40.991375,-111.903051
UT-Incident--172562,Incidents,500 W,Davis County,500 W at 1500 S,"Crash
500 W at 1800 S Davis Co.
Est. Clearance Time: 9:30 PM","12/21/23, 8:24 PM","12/21/23, 9:30 PM","12/21/23, 8:24 PM",,40.874634,-111.892207
UT-Incident--172563,Incidents,SR 32,Wasatch County,SR 32 at MP 5,"Crash
Both Directions SR 32 at MP 5 (5 Mi E of US-40) Wasatch Co.
Est. Clearance Time: 10:00 PM","12/21/23, 8:58 PM","12/21/23, 10:00 PM","12/21/23, 8:58 PM",,40.592607,-111.376376
UT-Incident--172564,Incidents,I-15,Salt Lake County,I-15 at MP 301,"Crash
NB I-15 at MP 301 (4500 S) Salt Lake Co.
Right Lane Closed
Est. Clearance Time: 2:55 AM","12/22/23, 1:56 AM","12/22/23, 2:55 AM","12/22/23, 1:56 AM",,40.664677,-111.90152
UT-Incident--172565,Incidents,SR 491,San Juan County,SR 491 at MP 13,"Crash
Both Directions SR 491 at MP 13 (4 MI from State Line) San Juan Co.
Right Shoulder
Est. Clearance Time: 3:55 AM","12/22/23, 2:56 AM","12/22/23, 3:55 AM","12/22/23, 2:56 AM",,37.836421,-109.111253
UT-Incident--172566,Incidents,I-15,Utah County,I-15 at MP 282,"Crash
SB I-15 at 2100 N On Ramp (MP 282, Lehi) Utah Co.
Right Shoulder
Est. Clearance Time: 4:23 AM","12/22/23, 3:23 AM","12/22/23, 4:23 AM","12/22/23, 3:23 AM",,40.410606,-111.863979
UT-Incident--172567,Incidents,I-80,Tooele County,I-80 at MP 70,"Crash
EB I-80 at MP 70 (Delle) Tooele Co.
Left Shoulder
Est. Clearance Time: 4:38 AM","12/22/23, 3:39 AM","12/22/23, 4:38 AM","12/22/23, 3:39 AM",,40.759202,-112.774958
UT-Incident--172568,Incidents,SR 39,Weber County,SR 39 at MP 10,"Crash
EB SR 39 at MP 10 (2 miles east of Ogden) Weber Co.
Right Lane Closed
Est. Clearance Time: 6:21 AM","12/22/23, 5:22 AM","12/22/23, 6:21 AM","12/22/23, 5:22 AM",,41.240008,-111.90543
UT-Incident--172572,Incidents,I-15,Salt Lake County,I-15 at MP 297,"Crash
Ramp NB I-15 at MP 297 (7200 S On-Ramp) Salt Lake Co.
Right Shoulder
Est. Clearance Time: 7:24 AM","12/22/23, 6:25 AM","12/22/23, 7:24 AM","12/22/23, 6:25 AM",,40.607173,-111.905403
UT-Incident--172569,Incidents,I-215 S,Salt Lake County,I-215 S at MP 6,"Crash
NB I-215 S at MP 6 (6200 S Exit) Salt Lake Co.
Right Shoulder Closed
Est. Clearance Time: 6:24 AM","12/22/23, 5:25 AM","12/22/23, 6:24 AM","12/22/23, 6:58 AM",,40.641354,-111.808234
UT-Incident--172571,Incidents,SR 123,Carbon County,SR 123 at MP 4,"Crash
Both Directions SR 123 at MP 4 (4 Mi W of East Carbon) Carbon Co.
Est. Clearance Time: 7:06 AM","12/22/23, 6:07 AM","12/22/23, 7:06 AM","12/22/23, 6:07 AM",,39.535933,-110.501428
UT-Incident--172573,Incidents,I-80,Salt Lake County,I-80 at MP 136,"Crash
WB I-80 at MP 136 (Lambs Canyon) Salt Lake Co.
Left Shoulder
Est. Clearance Time: 9:10 AM","12/22/23, 8:11 AM","12/22/23, 9:10 AM","12/22/23, 8:11 AM",,40.740268,-111.674521
UT-Incident--172574,Incidents,State St,Salt Lake County,State St at South Temple St,"Crash
SB State St at South Temple St Salt Lake Co.
Right Lane Closed
Est. Clearance Time: 9:12 AM","12/22/23, 8:13 AM","12/22/23, 9:12 AM","12/22/23, 8:13 AM",,40.770267,-111.888227
UT-Incident--172575,Incidents,I-15,Salt Lake County,I-15 at MP 288,"Crash
SB I-15 at MP 288 (14600 S) Salt Lake Co.
Right Shoulder
Est. Clearance Time: 12:24 PM","12/22/23, 11:25 AM","12/22/23, 12:24 PM","12/22/23, 11:25 AM",,40.480607,-111.902252
UT-Incident--172576,Incidents,I-15,Washington County,I-15 at MP 10,"Utility work/Power Outage 
NB I-15 at MP 10 (Green Springs Rd Ext) 
Washington Co.","12/22/23, 12:32 PM","12/22/23, 2:28 PM","12/22/23, 12:32 PM",,37.121548,-113.539407
UT-Incident--172577,Incidents,I-15,Salt Lake County,I-15 at MP 291,"Crash
NB I-15 at MP 291 (12300 S) Salt Lake Co.
Right Shoulder
Est. Clearance Time: 1:33 PM","12/22/23, 12:34 PM","12/22/23, 1:33 PM","12/22/23, 12:34 PM",,40.52103,-111.891246
UT-Incident--172578,Incidents,I-15,Utah County,I-15 at MP 274,"Crash
SB I-15 at MP 274 (Lindon) Utah Co.
2 Right Lanes Closed
Est. Clearance Time: 2:20 PM","12/22/23, 1:19 PM","12/22/23, 2:20 PM","12/22/23, 1:19 PM",,40.337197,-111.749203
UT-Incident--172580,Incidents,I-15,Davis County,I-15 at MP 319,"Crash
Ramp I-15 at MP 319 (Parrish Ln) Davis Co.
Right Lane Closed
Est. Clearance Time: 2:43 PM","12/22/23, 1:45 PM","12/22/23, 2:43 PM","12/22/23, 1:45 PM",,40.914229,-111.891449
UT-Incident--172579,Incidents,I-15,Utah County,I-15 at MP 275,"Crash
SB I-15 at MP 275 (PG Blvd) Utah Co.
2 Left Lanes Closed
Est. Clearance Time: 2:26 PM","12/22/23, 1:28 PM","12/22/23, 2:26 PM","12/22/23, 1:28 PM",,40.346539,-111.763778
UT-Incident--172582,Incidents,I-15,Utah County,I-15 at MP 280,"Crash
SB I-15 at MP 280 (Lehi) Utah Co.
Left Lane Closed
Est. Clearance Time: 3:44 PM","12/22/23, 2:45 PM","12/22/23, 3:44 PM","12/22/23, 2:45 PM",,40.39191,-111.835579
UT-Incident--172583,Incidents,I-15,Utah County,I-15 at MP 281,"Crash
SB I-15 at MP 281 (Lehi) Utah Co.
Right Shoulder
Est. Clearance Time: 4:15 PM","12/22/23, 3:11 PM","12/22/23, 4:15 PM","12/22/23, 3:11 PM",,40.401041,-111.849765
UT-Incident--172581,Incidents,SR 224,Summit County,SR 224 at MP 9,"Crash
SB SR 224 at MP 9 (Bobsled Blvd) Summit Co.
Left Lane Blocked
Est. Clearance Time: 3:33 PM","12/22/23, 2:40 PM","12/22/23, 3:33 PM","12/22/23, 2:40 PM",,40.69088,-111.5442
UT-Incident--172585,Incidents,2000 W,Davis County,2000 W at 1300 N,"Crash
NB 2000 W at 1300 N Davis Co.
Est. Clearance Time: 4:30 PM","12/22/23, 3:27 PM","12/22/23, 4:30 PM","12/22/23, 3:27 PM",,41.128998,-112.064461
UT-Incident--172584,Incidents,I-15,Salt Lake County,I-15 at MP 306,"Crash
NB I-15 at MP 306 (1300 S) Salt Lake Co.
Right Shoulder
Est. Clearance Time: 4:15 PM","12/22/23, 3:13 PM","12/22/23, 4:15 PM","12/22/23, 3:13 PM",,40.736823,-111.90475
UT-Incident--172587,Incidents,I-215 W,Salt Lake County,I-215 W at MP 20,"Crash
NB I-215 W at MP 20 (California Ave) Salt Lake Co.
Left Lane Closed
Est. Clearance Time: 4:45 PM","12/22/23, 3:40 PM","12/22/23, 4:45 PM","12/22/23, 3:43 PM",,40.731947,-111.949915
UT-Incident--172586,Incidents,I-15,Salt Lake County,I-15 at MP 305,"Crash
NB I-15 at MP 305 (2100 S) Salt Lake Co.
Right shoulder
Est. Clearance Time: 5:45 PM","12/22/23, 3:35 PM","12/22/23, 5:45 PM","12/22/23, 5:09 PM",,40.722344,-111.904691
UT-Incident--172588,Incidents,I-15,Salt Lake County,I-15 at MP 301,"Crash
NB I-15 at MP 301 (4500 S) Salt Lake Co.
Left Shoulder
Est. Clearance Time: 5:45 PM","12/22/23, 4:34 PM","12/22/23, 5:45 PM","12/22/23, 5:09 PM",,40.664677,-111.90152
UT-Incident--172591,Incidents,I-15,Salt Lake County,I-15 at MP 300,"Crash
NB I-15 at MP 300 (5200 S) Salt Lake Co.
Left Lane Closed
Est. Clearance Time: 6:30 PM","12/22/23, 5:23 PM","12/22/23, 6:30 PM","12/22/23, 5:23 PM",,40.649847,-111.90236
UT-Incident--172589,Incidents,I-15,Beaver County,I-15 at MP 106,"Crash
NB I-15 at MP 106 (2 mi S of Beaver) Beaver Co.
Right Shoulder
Est. Clearance Time: 6:45 PM","12/22/23, 4:59 PM","12/22/23, 6:45 PM","12/22/23, 6:03 PM",,38.2094,-112.647928
UT-Incident--172592,Incidents,I-15,Utah County,I-15 at MP 273,"Crash
NB I-15 at MP 273 (Gneva Rd / Orem) Utah Co.
2 Right Lanes Closed
Est. Clearance Time: 6:45 PM","12/22/23, 5:40 PM","12/22/23, 6:45 PM","12/22/23, 5:42 PM",,40.328045,-111.73498
UT-Incident--172593,Incidents,US 89,Sanpete County,US 89 at MP 284,"Crash
NB US 89 at MP 284 (300 N / Fairview) Sanpete Co.
Est. Clearance Time: 7:00 PM","12/22/23, 5:43 PM","12/22/23, 7:00 PM","12/22/23, 5:43 PM",,39.633033,-111.439287
UT-Incident--172597,Incidents,I-15,Davis County,I-15 at MP 316,"Stalled Vehicle
SB I-15 at MP 316 (1500 S, Woods X) Davis Co.
Right Lane Closed
Est. Clearance Time: 8:00 PM","12/22/23, 6:56 PM","12/22/23, 8:00 PM","12/22/23, 6:56 PM",,40.87142,-111.897275
UT-Incident--172594,Incidents,US 191,Uintah County,US 191 at MP 358,"Crash
Both Directions US 191 at MP 358 (Steinaker Reservoir) Uintah Co.
Est. Clearance Time: 8:00 PM","12/22/23, 5:51 PM","12/22/23, 8:00 PM","12/22/23, 7:32 PM",,40.531234,-109.521973
UT-Incident--172598,Incidents,I-70,Sevier County,I-70 at MP 37,"Crash
WB I-70 at MP 37 (Richfield) Sevier Co.
Left Shoulder
Est. Clearance Time: 8:15 PM","12/22/23, 7:08 PM","12/22/23, 8:15 PM","12/22/23, 7:08 PM",,38.748141,-112.10686
UT-Incident--172599,Incidents,US 89,Sanpete County,US 89 at MP 235,"Crash
US 89 at MP 235 (4 miles S of Centerfield) Sanpete Co.
Est. Clearance Time: 10:45 PM","12/22/23, 9:38 PM","12/22/23, 10:45 PM","12/22/23, 9:38 PM",,39.066393,-111.820775
UT-Incident--172601,Incidents,MAIN ST,Iron County,MAIN ST 535,"Crash
Both Directions Main St at 600 S (Cedar City) Iron Co.
Center Lanes Closed
Est. Clearance Time: 11:00 PM","12/22/23, 10:03 PM","12/22/23, 11:00 PM","12/22/23, 10:04 PM",,37.666502,-113.063525
UT-Incident--172600,Incidents,US 40,Uintah County,US 40 at MP 123,"Crash
EB US 40 at MP 123 (9 Mi E of Roosevelt) Uintah Co.
Est. Clearance Time: 10:45 PM","12/22/23, 9:40 PM","12/22/23, 10:45 PM","12/22/23, 9:40 PM",,40.301953,-109.828934
UT-Incident--172602,Incidents,I-80,Summit County,I-80 at MP 162,"Crash
EB I-80 at MP 162 (Coalville) Summit Co.
Est. Clearance Time: 12/23/2023 12:30 AM","12/22/23, 11:18 PM","12/23/23, 12:30 AM","12/22/23, 11:18 PM",,40.904507,-111.397939
UT-Incident--172606,Incidents,I-15,Davis County,I-15 at MP 323,"Crash
NB I-15 at MP 323 (State St, Farmngtn) Davis Co.
Left Lane Closed
Est. Clearance Time: 5:01 AM","12/23/23, 4:02 AM","12/23/23, 5:01 AM","12/23/23, 4:02 AM",,40.971566,-111.893495
UT-Incident--172603,Incidents,MOUNTAIN VIEW CORRIDOR HWY,Salt Lake County,MOUNTAIN VIEW CORRIDOR HWY at 5400 S,"Crash
NB MOUNTAIN VIEW CORRIDOR HWY at 5400 S Salt Lake Co.
Cleared at 4:59 AM
Est. Clearance Time: 5:15 AM","12/23/23, 1:49 AM","12/23/23, 5:15 AM","12/23/23, 4:59 AM",,40.653127,-112.043525
UT-Incident--172604,Incidents,US 191,Grand County,US 191 at MP 140,"Crash
Both Directions US 191 at MP 140 (11 miles N of Moab) Grand Co.
Right Shoulder
Est. Clearance Time: 4:57 AM","12/23/23, 3:57 AM","12/23/23, 4:57 AM","12/23/23, 3:57 AM",,38.716489,-109.706617
UT-Incident--172609,Incidents,I-215 W,Salt Lake County,I-215 W at MP 22,"Crash
NB I-215 W at MP 22 (Ramp to WB I-80) 
Left Shoulder Blocked
Salt Lake Co.
Est. Clearance Time: 7:41 AM","12/23/23, 6:42 AM","12/23/23, 7:41 AM",,,40.760605,-111.951068
UT-Incident--172612,Incidents,I-15,Davis County,I-15 at MP 314,"Crash
SB I-15 at MP 314 (Main St, NSL) Davis Co.
Left Lane Closed
Est. Clearance Time: 8:12 AM","12/23/23, 7:12 AM","12/23/23, 8:12 AM",,,40.846156,-111.91486
UT-Incident--172614,Incidents,I-15,Weber County,I-15 at MP 339,"Crash
NB I-15 at MP 339 (Riverdale Rd/SR-26) Weber Co.
Right Lane Closed
Est. Clearance Time: 9:06 AM","12/23/23, 7:37 AM","12/23/23, 9:06 AM",,,41.169225,-112.020449
UT-Incident--172611,Incidents,I-215 E,Salt Lake County,I-215 E at MP 5,"Crash
NB I-215 E at MP 5 (5900 S) Salt Lake Co.
Right Lane Blocked
Est. Clearance Time: 7:57 AM","12/23/23, 6:58 AM","12/23/23, 7:57 AM",,,40.655726,-111.806969
UT-Incident--172620,Incidents,SR 210,Salt Lake County,SR 210 at MP 7,"Crash
Both Directions SR 210 at MP 7 (3 Mi E of the Mouth) Salt Lake Co.
Est. Clearance Time: 9:09 AM","12/23/23, 8:09 AM","12/23/23, 9:09 AM",,,40.571959,-111.720092
UT-Incident--172615,Incidents,I-15,Salt Lake County,I-15 at MP 291,"Crash
NB I-15 at MP 291 (12300 S) Salt Lake Co.
Left Shoulder
Est. Clearance Time: 8:47 AM","12/23/23, 7:48 AM","12/23/23, 8:47 AM",,,40.52103,-111.891246
UT-Incident--172617,Incidents,I-215 S,Salt Lake County,I-215 S at MP 6,"Crash
NB I-215 S at MP 6 (6200 S) Salt Lake Co.
Right Shoulder
Est. Clearance Time: 8:54 AM","12/23/23, 7:56 AM","12/23/23, 8:54 AM",,,40.641354,-111.808234
UT-Incident--172613,Incidents,I-80,Salt Lake County,I-80 at MP 138,"Crash
WB I-80 at MP 138 (2 mi E of Lambs Canyon) Salt Lake Co.
Est. Clearance Time: 8:13 AM","12/23/23, 7:26 AM","12/23/23, 8:13 AM",,,40.747703,-111.639522
UT-Incident--172621,Incidents,US 40,Summit County,US 40 at MP 4,"Crash
Ramp US 40 at MP 4 (SR-248 Jct / Park City) Summit Co.
Right Shoulder
Est. Clearance Time: 9:13 AM","12/23/23, 8:14 AM","12/23/23, 9:13 AM",,,40.68342,-111.462507
UT-Incident--172622,Incidents,I-15,Utah County,I-15 at MP 262,"Crash
SB I-15 at MP 262 (Provo) Utah Co.
2 Right Lanes Closed
Est. Clearance Time: 9:22 AM","12/23/23, 8:23 AM","12/23/23, 9:22 AM",,,40.190632,-111.64694
UT-Incident--172619,Incidents,I-15,Salt Lake County,I-15 at MP 305,"Crash
NB I-15 at MP 305 (2100 S) Salt Lake Co.
Right Shoulder
Est. Clearance Time: 9:05 AM","12/23/23, 8:06 AM","12/23/23, 9:05 AM",,,40.722344,-111.904691
UT-Incident--172616,Incidents,I-15,Utah County,I-15 at MP 253,"Crash
SB I-15 at MP 253 (8000 S / Spanish Fork) Utah Co.
Right Shoulder
Est. Clearance Time: 8:49 AM","12/23/23, 7:52 AM","12/23/23, 8:49 AM",,,40.079244,-111.709158
UT-Incident--172626,Incidents,SR 190,Salt Lake County,SR 190 at MP 12,"Crash
Both Directions SR 190 at MP 12 (2 Mi of W Solitude Resort) Salt Lake Co.
Est. Clearance Time: 9:51 AM","12/23/23, 8:52 AM","12/23/23, 9:51 AM",,,40.64033,-111.630425
UT-Incident--172610,Incidents,I-15,Box Elder County,I-15 at MP 391,"Crash
NB I-15 at MP 391 (9 Mi S of UT border) Box Elder Co.
Est. Clearance Time: 9:53 AM","12/23/23, 6:54 AM","12/23/23, 9:53 AM",,,41.87109,-112.169859
UT-Incident--172618,Incidents,I-80,Salt Lake County,I-80 at MP 117,"Crash
Ramp WB I-80 at MP 117 (SB I-215 W On-Ramp) Salt Lake Co.
Left Shoulder
Est. Clearance Time: 9:01 AM","12/23/23, 8:04 AM","12/23/23, 9:01 AM",,,40.765438,-111.953251
UT-Incident--172624,Incidents,I-80,Summit County,I-80 at MP 145,"Crash
EB I-80 at MP 145 (East of Kimball Jct) Summit Co.
Right Shoulder
Est. Clearance Time: 9:49 AM","12/23/23, 8:49 AM","12/23/23, 9:49 AM",,,40.723073,-111.529346
UT-Incident--172629,Incidents,Bangerter Hwy,Salt Lake County,Bangerter Hwy at MP 10,"Crash
SB Bangerter Hwy at MP 10 (10000 S) Salt Lake Co.
Right Lane Closed
Est. Clearance Time: 10:37 AM","12/23/23, 9:38 AM","12/23/23, 10:37 AM",,,40.56766,-111.977145
UT-Incident--172625,Incidents,I-15,Millard County,I-15 at MP 179,"Crash
SB I-15 at MP 179 (4 mi N of Holden) Millard Co.
Right Shoulder
Est. Clearance Time: 9:49 AM","12/23/23, 8:51 AM","12/23/23, 9:49 AM",,,39.153033,-112.230485
UT-Incident--172632,Incidents,US 6,Utah County,US 6 at MP 206,"Crash
WB US 6 at MP 206 (3 Mi E of Tucker) Utah Co.
Right Shoulder
Est. Clearance Time: 11:05 AM","12/23/23, 10:06 AM","12/23/23, 11:05 AM",,,39.932532,-111.161681
UT-Incident--172623,Incidents,I-15,Salt Lake County,I-15 at MP 307,"Crash
SB I-15 at MP 307 (600 S) Salt Lake Co.
Left Lane Closed
Est. Clearance Time: 11:28 AM","12/23/23, 8:29 AM","12/23/23, 11:28 AM",,,40.74966,-111.90976
UT-Incident--172627,Incidents,I-80,Salt Lake County,I-80 at MP 138,"Crash
EB I-80 at MP 138 (2 mi E of Lambs Canyon) Salt Lake Co.
Right Lane Closed
Est. Clearance Time: 10:20 AM","12/23/23, 9:22 AM","12/23/23, 10:20 AM",,,40.747703,-111.639522
UT-Incident--172633,Incidents,I-15,Davis County,I-15 at MP 328,"Crash
Ramp SB I-15 at MP 328 (200 N On Ramp) Davis Co.
Left Lane Closed
Est. Clearance Time: 11:08 AM","12/23/23, 10:10 AM","12/23/23, 11:08 AM",,,41.028688,-111.946853
UT-Incident--172630,Incidents,SR 248,Wasatch County,SR 248 at MP 8,"Crash
Both Directions SR 248 at MP 8 (Jordanelle Overlook) Wasatch Co.
Est. Clearance Time: 10:39 AM","12/23/23, 9:43 AM","12/23/23, 10:39 AM",,,40.641218,-111.397599
UT-Incident--172628,Incidents,SR 111,Salt Lake County,SR 111 at MP 5,"Crash
Both Directions SR 111 at MP 5 (5 MI N of New Bingham Hwy) Salt Lake Co.
Est. Clearance Time: 10:23 AM","12/23/23, 9:25 AM","12/23/23, 10:23 AM",,,40.644758,-112.065888
UT-Incident--172634,Incidents,SR 92,Utah County,SR 92 at MP 22,"Crash
Both Directions SR 92 at MP 22 (5 Mi N of US-189) Utah Co.
Right Shoulder
Est. Clearance Time: 11:14 AM","12/23/23, 10:15 AM","12/23/23, 11:14 AM",,,40.407126,-111.60589
UT-Incident--172635,Incidents,700 W,Salt Lake County,700 W at 5300 S/MURRAY BLVD,"Crash
SB 700 W Closed
 at 5400 S Salt Lake Co.
Use Alt Route","12/23/23, 10:47 AM","12/23/23, 11:45 AM",,,40.653841,-111.910311
UT-Incident--172631,Incidents,I-15,Millard County,I-15 at MP 141,"Crash
NB I-15 at MP 141 (5 mi S of Kanosh) Millard Co.
Right Shoulder
Est. Clearance Time: 10:45 AM","12/23/23, 9:46 AM","12/23/23, 10:45 AM",,,38.696466,-112.602232
UT-Incident--172637,Incidents,I-15,Millard County,I-15 at MP 135,"Crash
NB I-15 at MP 135 (1 mi N of Cove Fort) Millard Co.
Left Lane Closed
Est. Clearance Time: 12:20 PM","12/23/23, 11:20 AM","12/23/23, 12:20 PM",,,38.617668,-112.609775
UT-Incident--172607,Incidents,SR 190,Salt Lake County,SR 190 at MP 2,"Roadway Restriction/Traction Control Devices/4x4/Chains Required All Vehicles
Both Directions SR 190 at MP 2 toMP 19 (Mouth of Big Cottonwood to Town of Brighton)
Salt Lake Co.","12/23/23, 6:30 AM","12/23/23, 5:30 PM",,,40.619107,-111.786281
UT-Incident--172608,Incidents,SR 210,Salt Lake County,SR 210 at MP 4,"Roadway Restriction/Traction Control Devices/4x4/Chains Required All Vehicles
Both Directions SR 210 at MP 4 to MP 12 (Mouth of Ltl Cottonwood to Town of Alta)
Salt Lake Co.","12/23/23, 6:32 AM","12/23/23, 5:30 PM",,,40.572095,-111.773814
UT-Incident--172638,Incidents,I-15,Salt Lake County,I-15 at MP 307,"Crash
SB I-15 at MP 307 (600 S) Salt Lake Co.
Left Lane Closed
Est. Clearance Time: 2:03 PM","12/23/23, 1:04 PM","12/23/23, 2:03 PM","12/23/23, 1:04 PM",,40.74966,-111.90976
UT-Incident--172636,Incidents,US 6,Utah County,US 6 at MP 143,"Crash
EB US 6 at MP 143 (2 Miles East of Eureka) Utah Co.
Left Lane Closed
Est. Clearance Time: 12:06 PM","12/23/23, 11:09 AM","12/23/23, 12:06 PM","12/23/23, 11:22 AM",,39.975722,-112.072947
UT-Incident--172640,Incidents,I-215 W,Salt Lake County,I-215 W at MP 21,"Crash
SB I-215 W at MP 21 (900 S) Salt Lake Co.
Left Shoulder
Est. Clearance Time: 3:15 PM","12/23/23, 2:08 PM","12/23/23, 3:15 PM","12/23/23, 2:08 PM",,40.746426,-111.949053
UT-Incident--172641,Incidents,I-15,Davis County,I-15 at MP 328,"Crash
SB I-15 at MP 328 (200 N/SR-273) Davis Co.
Left Shoulder
Est. Clearance Time: 3:45 PM","12/23/23, 2:12 PM","12/23/23, 3:45 PM","12/23/23, 3:29 PM",,41.028688,-111.946853
UT-Incident--172639,Incidents,SR 143,Iron County,SR 143 at MP 13,"Crashes
Both Directions SR 143 Closed
From MP 1 (Parowan) to MP 13 Iron Co.
Use Alt Route","12/23/23, 2:06 PM","12/23/23, 3:03 PM","12/23/23, 2:45 PM",,37.720234,-112.844724
UT-Incident--172642,Incidents,I-15,Davis County,I-15 at MP 322,"Crash
SB I-15 at MP 322 (Glover Ln) Davis Co.
Right Shoulder
Est. Clearance Time: 5:15 PM","12/23/23, 3:59 PM","12/23/23, 5:15 PM","12/23/23, 3:59 PM",,40.957495,-111.891392
UT-Incident--172643,Incidents,I-15,Juab County,I-15 at MP 214,"Crash
SB I-15 at MP 214 (9 mi S of Nephi) Juab Co.
Est. Clearance Time: 5:30 PM","12/23/23, 4:18 PM","12/23/23, 5:30 PM","12/23/23, 4:18 PM",,39.583145,-111.929748
UT-Incident--172644,Incidents,I-15,Salt Lake County,I-15 at MP 295,"Crash
SB I-15 at MP 295 (9000 S) Salt Lake Co.
Right Shoulder
Est. Clearance Time: 5:45 PM","12/23/23, 4:44 PM","12/23/23, 5:45 PM","12/23/23, 4:44 PM",,40.578741,-111.900284
UT-Incident--172653,Incidents,I-15,Iron County,I-15 at MP 62,"Signal problems
NB I-15 at MP 62 (Cedar City) Iron Co.
Treat As 4-way Stop","12/23/23, 7:23 PM","12/23/23, 8:30 PM","12/23/23, 7:24 PM",,37.722619,-113.058258
UT-Incident--172648,Incidents,Bangerter Hwy,Salt Lake County,Bangerter Hwy at 10600 S,"Crash
SB Bangerter Hwy at 10700 S Salt Lake Co.
SB Closed
Est. Clearance Time: 8:00 PM","12/23/23, 6:38 PM","12/23/23, 8:00 PM","12/23/23, 6:39 PM",,0.0,0.0
UT-Incident--172652,Incidents,US 89,Sanpete County,US 89 at MP 268,"Crash
US 89 at MP 268 (4 miles N of Ephraim) Sanpete Co.
Est. Clearance Time: 8:30 PM","12/23/23, 7:18 PM","12/23/23, 8:30 PM","12/23/23, 7:18 PM",,39.430681,-111.554437
UT-Incident--172651,Incidents,I-80,Salt Lake County,I-80 at MP 107,"Crash
WB I-80 at MP 107 (3 mi E of Saltair) Salt Lake Co.
Right Shoulder
Est. Clearance Time: 8:00 PM","12/23/23, 6:56 PM","12/23/23, 8:00 PM","12/23/23, 6:56 PM",,40.770886,-112.143879
UT-Incident--172656,Incidents,PARRISH LN,Davis County,PARRISH LN 211,"Crash
WB PARRISH LN 250 W (Centerville)  Davis Co.
Right Shoulder
Est. Clearance Time: 9:00 PM","12/23/23, 7:55 PM","12/23/23, 9:00 PM","12/23/23, 8:19 PM",,40.92151,-111.882575
UT-Incident--172654,Incidents,SR 196,Tooele County,SR 196 at MP 14,"Crash
SR 196 at MP 14 (14 mi N of Dugway) Tooele Co.
Est. Clearance Time: 8:30 PM","12/23/23, 7:39 PM","12/23/23, 8:30 PM","12/23/23, 7:39 PM",,40.427914,-112.748748
UT-Incident--172650,Incidents,I-80,Salt Lake County,I-80 at MP 137,"Crash
EB I-80 at MP 137 (1 mi E of Lambs Canyon) Salt Lake Co.
Right Lane Closed
Est. Clearance Time: 8:45 PM","12/23/23, 6:55 PM","12/23/23, 8:45 PM","12/23/23, 8:20 PM",,40.74385,-111.657734
UT-Incident--172655,Incidents,I-70,Grand County,I-70 at MP 225,"Crash
WB I-70 at MP 225 (6 mi W of UT/CO border) Grand Co.
Right Shoulder
Est. Clearance Time: 9:30 PM","12/23/23, 7:50 PM","12/23/23, 9:30 PM","12/23/23, 9:11 PM",,39.149218,-109.149803
UT-Incident--172657,Incidents,700 E,Salt Lake County,700 E at 2700 S,"Crash
Both Directions 700 E at 2700 S Salt Lake Co.
Center Lanes Closed
Est. Clearance Time: 10:16 PM","12/23/23, 9:17 PM","12/23/23, 10:16 PM","12/23/23, 9:17 PM",,40.712148,-111.871249
UT-Incident--172658,Incidents,I-215 W,Salt Lake County,I-215 W at MP 15,"Crash
NB I-215 W at MP 15 (4700 S) Salt Lake Co.
Est. Clearance Time: 10:19 PM","12/23/23, 9:20 PM","12/23/23, 10:19 PM","12/23/23, 9:20 PM",,40.655436,-111.952536
UT-Incident--172659,Incidents,US 191,San Juan County,US 191 at MP 19,"Crash
Other US 191 at MP 19 (18 miles N of UT Border) San Juan Co.
Est. Clearance Time: 10:30 PM","12/23/23, 9:25 PM","12/23/23, 10:30 PM","12/23/23, 9:25 PM",,37.238051,-109.609106
UT-Incident--172661,Incidents,SR 248,Summit County,SR 248 at MP 3,"Crash
EB SR 248 at MP 3 (US-40 Jct) Summit Co.
Right Shoulder
Est. Clearance Time: 11:45 PM","12/23/23, 10:41 PM","12/23/23, 11:45 PM","12/23/23, 10:41 PM",,40.682241,-111.464579
UT-Incident--172660,Incidents,SR 92,Utah County,SR 92 at MP 10,"Crash
WB SR 92 at MP 10 (Timpanogos Cave) Utah Co.
Right Shoulder
Est. Clearance Time: 11:45 PM","12/23/23, 9:56 PM","12/23/23, 11:45 PM","12/23/23, 11:22 PM",,40.443302,-111.708308
UT-Incident--172662,Incidents,Hwy 36,Tooele County,Hwy 36 at Bates Canyon Rd,"Crash
SB Hwy 36 at Bates Canyon Rd Tooele Co.
Est. Clearance Time: 1:50 AM","12/24/23, 12:51 AM","12/24/23, 1:50 AM","12/24/23, 12:51 AM",,40.618388,-112.29435
UT-Incident--172647,Incidents,US 6,Utah County,US 6 at MP 210,"Crash
EB US 6 at MP 210 (Soldier Summit) Utah Co.
Right Shoulder
Est. Clearance Time: 3:00 AM","12/23/23, 6:26 PM","12/24/23, 3:00 AM","12/24/23, 12:45 AM",,39.931871,-111.089175
UT-Incident--172664,Incidents,I-15,Salt Lake County,I-15 at MP 304,"Crash
NB I-15 at MP 304 (2700 S) Salt Lake Co.
Right Shoulder
Est. Clearance Time: 3:23 AM","12/24/23, 2:23 AM","12/24/23, 3:23 AM","12/24/23, 2:23 AM",,40.709203,-111.90365
UT-Incident--172665,Incidents,I-215 S,Salt Lake County,I-215 S at MP 9,"Medical
WB I-215 S at MP 9 (Union Park Ave) Salt Lake Co.
Right Lane Closed
Est. Clearance Time: 6:00 AM","12/24/23, 3:48 AM","12/24/23, 6:00 AM","12/24/23, 3:52 AM",,40.630157,-111.858352
UT-Incident--172666,Incidents,I-15,Salt Lake County,I-15 at MP 304,"Crash
NB I-15 at MP 304 (2700 S) Salt Lake Co.
Right Shoulder
Est. Clearance Time: 5:46 AM","12/24/23, 4:47 AM","12/24/23, 5:46 AM","12/24/23, 4:47 AM",,40.709288,-111.903742
UT-Incident--172663,Incidents,I-80,Summit County,I-80 at MP 190,"Crash
EB I-80 at MP 190 (1 mi W of Wasatch) Summit Co.
Right Shoulder
Est. Clearance Time: 6:54 AM","12/24/23, 1:55 AM","12/24/23, 6:54 AM","12/24/23, 2:11 AM",,41.183754,-111.131159
UT-Incident--172668,Incidents,Main St,Sevier County,Main St at 100 N,"Signal problems
All Directions Main St at 100 N (Sevier County)
Est. Clearance Time: 8:00 AM","12/24/23, 6:28 AM","12/24/23, 8:00 AM","12/24/23, 7:15 AM",,38.709044,-112.060945
UT-Incident--172667,Incidents,I-80,Tooele County,I-80 at MP 41,"Crash
EB I-80 at MP 41 (Knolls) Tooele Co.
Left Lane Closed
Est. Clearance Time: 8:45 AM","12/24/23, 5:45 AM","12/24/23, 8:45 AM","12/24/23, 8:04 AM",,40.726528,-113.265943
UT-Incident--172687,Incidents,I-80,Tooele County,I-80 at MP 65,"Crash
EB I-80 at MP 65 (3 mi E of Lakeside) Tooele Co.
Est. Clearance Time: 4:19 PM","12/25/23, 1:35 PM","12/25/23, 4:19 PM","12/25/23, 3:25 PM",,40.801373,-112.851473
UT-Incident--172688,Incidents,Mountain View Corridor Hwy,Salt Lake County,Mountain View Corridor Hwy at 5400 S,"Crash
SB Mountain View Corridor Hwy at 5400 S Salt Lake Co.
Right Lane Closed
Est. Clearance Time: 3:56 PM","12/25/23, 2:56 PM","12/25/23, 3:56 PM","12/25/23, 2:56 PM",,40.653134,-112.045072
UT-Incident--172690,Incidents,I-15,Box Elder County,I-15 at MP 364,"Crash
SB I-15 at MP 364 (Brigham City) Box Elder Co.
Left Lane Closed
Est. Clearance Time: 5:46 PM","12/25/23, 4:47 PM","12/25/23, 5:46 PM","12/25/23, 4:47 PM",,41.513423,-112.061717
UT-Incident--172692,Incidents,I-215 S,Salt Lake County,I-215 S at MP 13,"Crash
EB I-215 S at MP 13 (Redwood Rd, SLC) Salt Lake Co.
Right Lane Closed
Est. Clearance Time: 8:09 PM","12/25/23, 7:11 PM","12/25/23, 8:09 PM","12/25/23, 7:11 PM",,40.64406,-111.929407
UT-Incident--172691,Incidents,I-15,Utah County,I-15 at MP 265,"Crash
Ramp I-15 at MP 265 (Center St / Provo) Utah Co.
Right Shoulder
Est. Clearance Time: 9:05 PM","12/25/23, 7:06 PM","12/25/23, 9:05 PM","12/25/23, 8:14 PM",,40.226604,-111.677837
UT-Incident--172694,Incidents,Mountain View Corridor Hwy,Salt Lake County,Mountain View Corridor Hwy at 13400 S,"Crash
NB Mountain View Corridor Hwy at 13400 S Salt Lake Co.
Right Lane Closed
Est. Clearance Time: 9:21 PM","12/25/23, 8:22 PM","12/25/23, 9:21 PM","12/25/23, 8:22 PM",,40.507864,-112.005183
UT-Incident--172693,Incidents,12600 S,Salt Lake County,12600 S at 3600 W,"Crash
WB 12600 S at 3600 W Salt Lake Co.
Right Lane Closed
Est. Clearance Time: 8:54 PM","12/25/23, 7:55 PM","12/25/23, 8:54 PM","12/25/23, 8:46 PM",,40.522252,-111.979551
UT-Incident--172695,Incidents,I-215 S,Salt Lake County,I-215 S at MP 13,"Crash
RampWB I-215 S at MP 13 (NB Redwood Rd Exit) Salt Lake Co.
Right Lane Closed
Est. Clearance Time: 9:46 PM","12/25/23, 8:48 PM","12/25/23, 9:46 PM","12/25/23, 8:48 PM",,40.64406,-111.929407
UT-Incident--172697,Incidents,Park Ln,Davis County,Park Ln at Legacy NB X12 Off Park Ln EB Ramp,"Crash
EB Park Ln at Legacy Parkway Off-Ramp (Farmington) Davis Co.
2 Right Lanes Closed
Est. Clearance Time: 12/26/2023 12:24 AM","12/25/23, 11:24 PM","12/26/23, 12:24 AM","12/25/23, 11:28 PM",,40.989972,-111.905107
UT-Incident--172696,Incidents,SR 56,Iron County,SR 56 at MP 56,"Crash
SR 56 at MP 56 (Iron Springs Rd) Iron Co.
Est. Clearance Time: 12/26/2023 12:09 AM","12/25/23, 11:10 PM","12/26/23, 12:09 AM","12/25/23, 11:10 PM",,37.684955,-113.161239
UT-Incident--172698,Incidents,I-15,Washington County,I-15 at MP 40,"Crash
SB I-15 at MP 40 (Washington County)
Est. Clearance Time: 7:40 AM","12/26/23, 6:32 AM","12/26/23, 7:40 AM","12/26/23, 6:32 AM",,37.45086,-113.229358
UT-Incident--172699,Incidents,I-15,Box Elder County,I-15 at MP 377,"Crash
NB I-15 at MP 377 (Box Elder County)
Est. Clearance Time: 7:50 AM","12/26/23, 6:47 AM","12/26/23, 7:50 AM","12/26/23, 6:47 AM",,41.682729,-112.147356
UT-Incident--172701,Incidents,SR 224,Summit County,SR 224 at MP 7,"Vehicle on fire
NB SR 224 at MP 7 (Meadows Dr) Summit Co.
Right Lane Closed
Est. Clearance Time: 9:45 AM","12/26/23, 7:48 AM","12/26/23, 9:45 AM","12/26/23, 7:48 AM",,40.672253,-111.517503
UT-Incident--172703,Incidents,I-15,Salt Lake County,I-15 at MP 298,"Crash
NB I-15 at MP 298 (6600 S) Salt Lake Co.
Right Shoulder
Est. Clearance Time: 11:15 AM","12/26/23, 10:05 AM","12/26/23, 11:15 AM","12/26/23, 10:05 AM",,40.621691,-111.903876
UT-Incident--172702,Incidents,SR 201 EB X13 On Bangerter Ramp,Salt Lake County,SR 201 EB X13 On Bangerter Ramp at Bangerter Hwy,"Crash
EB SR Bangerter HWY On Ramp (Salt Lake County)
Right Shoulder
Est. Clearance Time: 11:30 AM","12/26/23, 9:58 AM","12/26/23, 11:30 AM","12/26/23, 11:08 AM",,40.725958,-111.977226
UT-Incident--172704,Incidents,I-15,Utah County,I-15 at MP 272,"Stalled Vehicle
NB I-15 at MP 272 (1600 N / Orem) Utah Co.
Right Shoulder
Est. Clearance Time: 11:30 AM","12/26/23, 10:22 AM","12/26/23, 11:30 AM","12/26/23, 10:24 AM",,40.316406,-111.72616
UT-Incident--172706,Incidents,Antelope Dr,Davis County,Antelope Dr 435,"Crash
EB Antelope Dr at 435 W. (Davis County)
Right Lanes Closed
Est. Clearance Time: 1:30 PM","12/26/23, 12:26 PM","12/26/23, 1:30 PM","12/26/23, 12:26 PM",,41.089174,-112.054936
UT-Incident--172707,Incidents,SR 24,Sevier County,SR 24 at MP 18,"Crash
SR 24 at MP 18 (8 Mi S of Sigurd) Sevier Co.
Est. Clearance Time: 3:00 PM","12/26/23, 12:59 PM","12/26/23, 3:00 PM","12/26/23, 12:59 PM",,38.742181,-111.922402
UT-Incident--172705,Incidents,SR 32,Wasatch County,SR 32 at MP 5,"Crash
SR 32 at MP 5 (Wasatch County)
Est. Clearance Time: 1:20 PM","12/26/23, 12:13 PM","12/26/23, 1:20 PM","12/26/23, 12:13 PM",,40.592607,-111.376376
UT-Incident--172708,Incidents,I-84,Box Elder County,I-84 at MP 23,"Crash
Both Directions I-84 at MP 23 (15 mil N of Tremonton) Box Elder Co.
Est. Clearance Time: 3:15 PM","12/26/23, 2:22 PM","12/26/23, 3:15 PM","12/26/23, 2:22 PM",,41.858814,-112.453156
UT-Incident--172709,Incidents,12th St,Weber County,12th St at Washington Blvd,"Crash
NB 12th St at Washington Blvd Weber Co.
Right Lane Closed
Est. Clearance Time: 4:00 PM","12/26/23, 2:57 PM","12/26/23, 4:00 PM","12/26/23, 2:57 PM",,41.244299,-111.971008
UT-Incident--172710,Incidents,500 W,Davis County,500 W at 400 N,"Crash
SB 500 W at 400 N Davis Co.
2 Right Lanes Closed
Est. Clearance Time: 4:15 PM","12/26/23, 3:09 PM","12/26/23, 4:15 PM","12/26/23, 3:09 PM",,40.894016,-111.892227
UT-Incident--172716,Incidents,I-15,Salt Lake County,I-15 at MP 289,"Crash
SB I-15 at MP 289 (Bngrtr Hwy) Salt Lake Co.
Right Shoulder
Est. Clearance Time: 5:15 PM","12/26/23, 4:20 PM","12/26/23, 5:15 PM","12/26/23, 4:20 PM",,40.492398,-111.891485
UT-Incident--172715,Incidents,Washington Blvd,Weber County,Washington Blvd at 1100 N,"Crash
NB Washington Blvd at 1100 N Weber Co.
Right Lane Closed
Est. Clearance Time: 5:15 PM","12/26/23, 4:14 PM","12/26/23, 5:15 PM","12/26/23, 4:14 PM",,41.276141,-111.969304
UT-Incident--172712,Incidents,Washington Blvd,Weber County,Washington Blvd at 30th St,"Crash
SB Washington Blvd at 30th St Weber Co.
2 Right Lanes Closed
Est. Clearance Time: 5:00 PM","12/26/23, 3:54 PM","12/26/23, 5:00 PM","12/26/23, 4:12 PM",,41.211217,-111.970687
UT-Incident--172713,Incidents,1300 S,Sevier County,1300 S at Main St,"Crash
SB 1100 S at Main St (Richfield) Sevier Co.
Right Shoulder
Est. Clearance Time: 5:00 PM","12/26/23, 4:01 PM","12/26/23, 5:00 PM","12/26/23, 4:01 PM",,0.0,0.0
UT-Incident--172714,Incidents,I-215 W,Salt Lake County,I-215 W at MP 25,"Crash
NB I-215 W at MP 25 (2100 N,) Salt Lake Co.
Right Shoulder
Est. Clearance Time: 5:10 PM","12/26/23, 4:09 PM","12/26/23, 5:10 PM","12/26/23, 4:09 PM",,40.803702,-111.949406
UT-Incident--172711,Incidents,US 189,Utah County,US 189 at MP 14,"Crash
WB US 189 at MP 14 (SR-92 / The tunnel) Utah Co.
Right Shoulder
Est. Clearance Time: 4:45 PM","12/26/23, 3:45 PM","12/26/23, 4:45 PM","12/26/23, 3:45 PM",,40.362967,-111.560551
UT-Incident--172718,Incidents,Main St,Davis County,Main St at 2300 N,"Crash
SB Main St Closed at 2300 N (Sunset) Davis Co.
Est. Clearance Time: 6:15 PM","12/26/23, 5:08 PM","12/26/23, 6:15 PM","12/26/23, 5:08 PM",,41.143556,-112.026042
UT-Incident--172719,Incidents,I-80,Tooele County,I-80 at MP 29,"Crash
WB I-80 at MP 29 (12 mi W of Knolls) Tooele Co.
Right Lane Closed
Est. Clearance Time: 7:30 PM","12/26/23, 5:17 PM","12/26/23, 7:30 PM","12/26/23, 6:26 PM",,40.731644,-113.493074
UT-Incident--172720,Incidents,I-80,Tooele County,I-80 at MP 44,"Crash
EB I-80 at MP 44 (3 mi E of Knolls) Tooele Co.
Est. Clearance Time: 7:45 PM","12/26/23, 6:32 PM","12/26/23, 7:45 PM","12/26/23, 6:32 PM",,40.726759,-113.207049
UT-Incident--172717,Incidents,1900 W,Weber County,1900 W 1350,"Crash
SB 1900 W Closed at 1800 S Weber Co.
Est. Clearance Time: 8:00 PM","12/26/23, 4:39 PM","12/26/23, 8:00 PM","12/26/23, 6:19 PM",,41.233453,-112.025513
UT-Incident--172700,Incidents,I-15,Millard County,I-15 at MP 139,"Crash
NB I-15 at MP 139 (Millard County).
Right Shoulder
Est. Clearance Time: 8:30 PM","12/26/23, 7:26 AM","12/26/23, 8:30 PM","12/26/23, 6:35 PM",,38.66422,-112.590118
UT-Incident--172721,Incidents,SR 491,San Juan County,SR 491 at MP 15,"Crash
EB SR 491 at MP 15 (2 MI from State Line) San Juan Co.
Est. Clearance Time: 10:00 PM","12/26/23, 7:06 PM","12/26/23, 10:00 PM","12/26/23, 7:53 PM",,37.826513,-109.076783
UT-Incident--172724,Incidents,I-70,Emery County,I-70 at MP 116,"Crash
EB I-70 at MP 116 (44 mi W of Green River) Emery Co.
Est. Clearance Time: 10:00 PM","12/26/23, 9:02 PM","12/26/23, 10:00 PM","12/26/23, 9:30 PM",,38.854656,-110.922324
UT-Incident--172725,Incidents,I-84,Weber County,I-84 at MP 88,"Crash
WB I-84 at MP 88 (Mouth of Weber Canyon) Weber Co.
Right Shoulder
Est. Clearance Time: 11:00 PM","12/26/23, 9:59 PM","12/26/23, 11:00 PM","12/26/23, 9:59 PM",,41.137693,-111.909879
UT-Incident--172727,Incidents,SR 248,Summit County,SR 248 at MP 12,"Crash
EB SR 248 at MP 12 (2.5 MI from Main St) Summit Co.
Center Lanes Closed
Est. Clearance Time: 11:30 PM","12/26/23, 10:25 PM","12/26/23, 11:30 PM","12/26/23, 10:25 PM",,40.638861,-111.327841
UT-Incident--172726,Incidents,US 89,Sanpete County,US 89 at MP 279,"Crash
US 89 at MP 279 (1 mile N of Mt Pleasant) Sanpete Co.
Est. Clearance Time: 11:30 PM","12/26/23, 10:22 PM","12/26/23, 11:30 PM","12/26/23, 10:22 PM",,39.563228,-111.455448
UT-Incident--172728,Incidents,SR 201,Salt Lake County,SR 201 at MP 12,"Crash
EB SR 201 at MP 12 (Bangerter Hwy) Salt Lake Co.
Est. Clearance Time: 4:52 AM","12/27/23, 2:08 AM","12/27/23, 4:52 AM","12/27/23, 4:28 AM",,40.725741,-112.001283
UT-Incident--172731,Incidents,I-15,Salt Lake County,I-15 at MP 288,"Stalled Vehicle
SB I-15 at MP 288 (14300 S) Salt Lake Co.
Right Lane Closed
Est. Clearance Time: 6:18 AM","12/27/23, 5:19 AM","12/27/23, 6:18 AM","12/27/23, 5:19 AM",,40.480607,-111.902252
UT-Incident--172729,Incidents,SR 32,Summit County,SR 32 at MP 25,"Debris
Both Directions SR 32 at MP 25 (4 Mi N of Peoa) Summit Co.
Est. Clearance Time: 5:45 AM","12/27/23, 4:46 AM","12/27/23, 5:45 AM","12/27/23, 4:46 AM",,40.76272,-111.396529
UT-Incident--172730,Incidents,I-15,Utah County,I-15 at MP 257,"Crash
NB I-15 On-Ramp from US-6 (Spanish Fork) Utah Co.
Right Shoulder
Est. Clearance Time: 6:10 AM","12/27/23, 5:12 AM","12/27/23, 6:10 AM","12/27/23, 5:25 AM",,40.122652,-111.658929
UT-Incident--172732,Incidents,SR 56,Iron County,SR 56 at MP 48,"Crash
Both Directions SR 56 at MP 48 (Iron County)
Est. Clearance Time: 6:44 AM","12/27/23, 5:45 AM","12/27/23, 6:44 AM","12/27/23, 6:08 AM",,37.634822,-113.289518
UT-Incident--172734,Incidents,I-15,Salt Lake County,I-15 at MP 300,"Crash
NB I-15 at MP 300 (5200 S) Salt Lake Co.
Left Shoulder
Est. Clearance Time: 8:15 AM","12/27/23, 7:12 AM","12/27/23, 8:15 AM","12/27/23, 7:12 AM",,40.649847,-111.90236
UT-Incident--172733,Incidents,SR 56,Iron County,SR 56 at MP 13,"Crash
SR 56 at MP 13 (4 Mi E of Modena) Iron Co..
Est. Clearance Time: 9:00 AM","12/27/23, 6:42 AM","12/27/23, 9:00 AM","12/27/23, 8:12 AM",,37.780497,-113.858358
UT-Incident--172737,Incidents,I-80,Salt Lake County,I-80 at MP 137,"Crash
EB I-80 at MP 137 (1 mi E of Lambs Canyon) Salt Lake Co.
Left Shoulder
Est. Clearance Time: 11:45 AM","12/27/23, 9:37 AM","12/27/23, 11:45 AM","12/27/23, 9:37 AM",,40.74385,-111.657734
UT-Incident--172739,Incidents,SR 118,Sevier County,SR 118 at MP 10,"Crash
SR 118 at MP 10 (Sevier County)
Est. Clearance Time: 11:00 AM","12/27/23, 9:56 AM","12/27/23, 11:00 AM","12/27/23, 9:56 AM",,38.687864,-112.121657
UT-Incident--172738,Incidents,SR 201,Salt Lake County,SR 201 at MP 10,"Crash
EB SR 201 at MP 10 (Salt Lake County)
Est. Clearance Time: 10:50 AM","12/27/23, 9:44 AM","12/27/23, 10:50 AM","12/27/23, 9:44 AM",,40.724933,-112.039659
UT-Incident--172735,Incidents,HWY 201,Salt Lake County,HWY 201 5801,"Crash
EB SR 201 at MOUNTAIN VIEW CORR Off Ramp
Right Shoulder
Est. Clearance Time: 11:00 AM","12/27/23, 8:33 AM","12/27/23, 11:00 AM","12/27/23, 10:12 AM",,40.725496,-112.035677
UT-Incident--172740,Incidents,SR 10,Emery County,SR 10 at MP 35,"Crash
SR 10 at MP 35 (3 MI S of Castle Dale) Emery Co.
Est. Clearance Time: 11:00 AM","12/27/23, 9:58 AM","12/27/23, 11:00 AM","12/27/23, 9:58 AM",,39.178968,-111.04266
UT-Incident--172741,Incidents,US 6,Utah County,US 6 at EMMA PARK RD,"Crash
EB US 6 at mp 221  (EMMA PARK RD) Utah co.
Est. Clearance Time: 11:40 AM","12/27/23, 10:39 AM","12/27/23, 11:40 AM","12/27/23, 10:39 AM",,39.824857,-110.949901
UT-Incident--172736,Incidents,SR 163,San Juan County,SR 163 at MP 21,"Crash
SR 163 at MP 21 (20 MI of US-191 Jct) San Juan Co.
Est. Clearance Time: 12:00 PM","12/27/23, 9:13 AM","12/27/23, 12:00 PM","12/27/23, 10:25 AM",,37.151055,-109.866585
UT-Incident--172742,Incidents,US 189,Wasatch County,US 189 at MP 24,"Crash
WB US 189 at MP 24 (Deer Creek Reservoir) Wasatch Co.
Left Lane Closed
Est. Clearance Time: 3:33 PM","12/27/23, 2:35 PM","12/27/23, 3:33 PM","12/27/23, 2:35 PM",,40.446013,-111.477114
UT-Incident--172743,Incidents,US 40,Wasatch County,US 40 at MP 13,"Crash
SB US 40 at MP 13 (SR-32 Jct/ Heber) Wasatch Co.
Right Lane Closed
Est. Clearance Time: 3:43 PM","12/27/23, 2:45 PM","12/27/23, 3:43 PM","12/27/23, 2:58 PM",,40.560962,-111.427534
UT-Incident--172744,Incidents,1000 E,Davis County,1000 E at 2200 W/Antelope Dr,"Crash
WB 1000 E at 2200 W/Antelope Dr Davis Co.
Right Lane Closed
Est. Clearance Time: 4:45PM","12/27/23, 3:28 PM","12/27/23, 4:27 PM","12/27/23, 4:40 PM",,41.091294,-112.006909
UT-Incident--172745,Incidents,US 89,Sanpete County,US 89 at MP 265,"Crash
NB US 89 at MP 265 (2 miles N of Ephraim) Sanpete Co.
Right Lane Closed
Est. Clearance Time: 5:30 PM","12/27/23, 4:03 PM","12/27/23, 5:30 PM","12/27/23, 4:10 PM",,39.392227,-111.57835
UT-Incident--172746,Incidents,I-15,Iron County,I-15 at MP 73,"Crash
SB I-15 at MP 73 (2 mi S of Parowan) Iron Co.
Est. Clearance Time: 6:30 PM","12/27/23, 4:23 PM","12/27/23, 6:30 PM","12/27/23, 4:23 PM",,37.825673,-112.90567
UT-Incident--172748,Incidents,I-15,Salt Lake County,I-15 at MP 297,"Crash
SB I-15 at MP 297 (7200 S) Salt Lake Co.
Left Shoulder
Est. Clearance Time: 6:30 PM","12/27/23, 5:27 PM","12/27/23, 6:30 PM","12/27/23, 5:27 PM",,40.607173,-111.905403
UT-Incident--172747,Incidents,SR 201,Salt Lake County,SR 201 at MP 14,"Crash
WB SR 201 at MP 14 (3000 W) Salt Lake Co.
Right Shoulder
Est. Clearance Time: 6:25 PM","12/27/23, 5:26 PM","12/27/23, 6:25 PM","12/27/23, 5:28 PM",,40.72606,-111.962907
UT-Incident--172756,Incidents,5400 S,Salt Lake County,5400 S at 2200 W,"Crash
Both Directions 5400 S at 2200 W Salt Lake Co.
Center Lane Closed
Est. Clearance Time: 7:30 PM","12/27/23, 6:27 PM","12/27/23, 7:30 PM","12/27/23, 6:27 PM",,40.653066,-111.949893
UT-Incident--172753,Incidents,SR 10,Emery County,SR 10 at MP 35,"Crash
SR 10 at MP 35 (3 MI S of Castle Dale) Emery Co.
Est. Clearance Time: 7:30 PM","12/27/23, 6:06 PM","12/27/23, 7:30 PM","12/27/23, 6:06 PM",,39.178968,-111.04266
UT-Incident--172755,Incidents,Bangerter Hwy,Salt Lake County,Bangerter Hwy at 3100 S,"Crash
SB Bangerter Hwy at 3100 S Salt Lake Co.
Left Turn Lane Closed
Est. Clearance Time: 7:30 PM","12/27/23, 6:18 PM","12/27/23, 7:30 PM","12/27/23, 6:19 PM",,40.703886,-111.980001
UT-Incident--172757,Incidents,I-15,Salt Lake County,I-15 at MP 307,"Crash
NB I-15 at MP 307 (600 S) Salt Lake Co.
Right Shoulder
Est. Clearance Time: 7:45 PM","12/27/23, 6:39 PM","12/27/23, 7:45 PM","12/27/23, 6:39 PM",,40.74966,-111.90976
UT-Incident--172758,Incidents,Main St,Tooele County,Main St at Bates Canyon Rd,"Crash
NB Main St at Bates Canyon Rd Tooele Co.
RightShoulder
Est. Clearance Time: 8:15 PM","12/27/23, 7:10 PM","12/27/23, 8:15 PM","12/27/23, 7:10 PM",,0.0,0.0
UT-Incident--172760,Incidents,36th St,Weber County,36th St at Washington Blvd,"Crash
36th St at Washington Blvd Weber Co.
Est. Clearance Time: 9:00 PM","12/27/23, 7:55 PM","12/27/23, 9:00 PM","12/27/23, 7:55 PM",,41.197792,-111.971001
UT-Incident--172759,Incidents,SR 95,San Juan County,SR 95 at MP 64,"Crash
Other SR 95 at MP 64 (57 MI from Blanding) San Juan Co.
Est. Clearance Time: 9:30 PM","12/27/23, 7:12 PM","12/27/23, 9:30 PM","12/27/23, 8:43 PM",,37.713509,-110.244277
UT-Incident--172761,Incidents,Wall Ave,Weber County,Wall Ave at 31st St,"Crash
NB Wall Ave at 31st St Weber Co.
Est. Clearance Time: 10:15 PM","12/27/23, 8:43 PM","12/27/23, 10:15 PM","12/27/23, 9:50 PM",,41.208227,-111.979229
UT-Incident--172762,Incidents,US 89,Sanpete County,US 89 at MP 272,"Crash
Both Directions US 89 at MP 272 (SR-117 Jct to Spring City) Sanpete Co.
Est. Clearance Time: 11:00 PM","12/27/23, 9:29 PM","12/27/23, 11:00 PM","12/27/23, 10:01 PM",,39.482376,-111.520632
UT-Incident--172763,Incidents,I-15,Juab County,I-15 at MP 198,"Crash
NB I-15 at MP 198 (10 mi N of Scipio) Juab Co.
Est. Clearance Time: 2:35 AM","12/28/23, 1:37 AM","12/28/23, 2:35 AM","12/28/23, 1:37 AM",,39.384797,-112.074376
UT-Incident--172764,Incidents,US 6,Carbon County,US 6 at MP 226,"Crash
WB US 6 at MP 226 (4 MI W of Indian Cyn) Carbon Co.
Est. Clearance Time: 2:51 AM","12/28/23, 1:52 AM","12/28/23, 2:51 AM","12/28/23, 1:53 AM",,39.768674,-110.907264
UT-Incident--172765,Incidents,I-70,Sevier County,I-70 at MP 49,"Crash
EB I-70 at MP 49 (9 mi E of Richfield) Sevier Co.
Right Shoulder
Est. Clearance Time: 6:00 AM","12/28/23, 4:03 AM","12/28/23, 6:00 AM","12/28/23, 4:44 AM",,38.87438,-111.9644
UT-Incident--172766,Incidents,1900 W,Weber County,1900 W at 12th St,"Crash
SB 1900 W at 12th St Weber Co.
Est. Clearance Time: 7:19 AM","12/28/23, 6:20 AM","12/28/23, 7:19 AM","12/28/23, 6:23 AM",,41.24546,-112.025234
UT-Incident--172768,Incidents,Washington Blvd,Weber County,Washington Blvd at 21st St,"Crash
NB Washington Blvd at 21st St (Ogden) Weber County
NB Lanes Closed
Est. Clearance Time: 8:00 AM","12/28/23, 7:00 AM","12/28/23, 8:00 AM","12/28/23, 7:00 AM",,41.229029,-111.970318
UT-Incident--172769,Incidents,SR 201,Salt Lake County,SR 201 at MP 2,"Crash
EB SR 201 at MP 2 (SR-202) Salt Lake Co.
Right Lane Closed
Est. Clearance Time: 8:15 AM","12/28/23, 7:15 AM","12/28/23, 8:15 AM","12/28/23, 7:16 AM",,40.727579,-112.186092
UT-Incident--172767,Incidents,I-84,Box Elder County,I-84 at MP 21,"Crash
WB I-84 at MP 21 (12 mi east of Snowville) Box Elder Co.
Right Shoulder
Est. Clearance Time: 9:30 AM","12/28/23, 6:43 AM","12/28/23, 9:30 AM","12/28/23, 8:56 AM",,41.880758,-112.478311
UT-Incident--172771,Incidents,SR 248,Wasatch County,SR 248 at MP 8,"Crash
SR 248 at MP 8 (Jordanelle Overlook) Wasatch Co.
Est. Clearance Time: 10:30 AM","12/28/23, 9:23 AM","12/28/23, 10:30 AM","12/28/23, 9:23 AM",,40.641218,-111.397599
UT-Incident--172773,Incidents,I-15 NB X301 On 4500 S Ramp,Salt Lake County,I-15 NB X301 On 4500 S Ramp at 4500 S,"Crash
NB I-15 4500 S  On Ramp (Murray) Salt Lake Co.
Left Lanes Closed
Est. Clearance Time: 10:45 AM","12/28/23, 9:40 AM","12/28/23, 10:45 AM","12/28/23, 9:40 AM",,40.675355,-111.900891
UT-Incident--172770,Incidents,Redwood Rd,Salt Lake County,Redwood Rd at 2300 N,"Crash
Redwood Rd at 2300 N (SLC) Salt Lake County
Est. Clearance Time: 10:00 AM","12/28/23, 8:55 AM","12/28/23, 10:00 AM","12/28/23, 8:55 AM",,40.812626,-111.938598
UT-Incident--172776,Incidents,I-15,Davis County,I-15 at MP 313,"Crash
NB I-15 at MP 313 (I-15/I-215 N Jct) Davis Co.
Est. Clearance Time: 1:30 PM","12/28/23, 12:29 PM","12/28/23, 1:30 PM","12/28/23, 12:29 PM",,,
UT-Incident--172772,Incidents,SR 167,Weber County,SR 167 at MP 8,"Crash
SR 167 at MP 8 (3 miles S of Old Hwy Rd) Weber County
Est. Clearance Time: 10:45 AM","12/28/23, 9:32 AM","12/28/23, 10:45 AM","12/28/23, 9:32 AM",,41.216493,-111.80138
UT-Incident--172775,Incidents,I-15,Millard County,I-15 at MP 146,"Vehicle on fire
SB I-15 at MP 146 (6 mi road / Kanosh) Millard Co.
Est. Clearance Time: 1:00 PM","12/28/23, 11:57 AM","12/28/23, 1:00 PM","12/28/23, 11:57 AM",,38.75936,-112.561477
UT-Incident--172778,Incidents,Washington Blvd,Weber County,Washington Blvd at 3300 S,"Crash
NB Washington Blvd at 33rd St (Ogden) Weber County
Right Lane Closed
Est. Clearance Time: 2:15 PM","12/28/23, 1:10 PM","12/28/23, 2:15 PM","12/28/23, 1:10 PM",,41.20329,-111.970874
UT-Incident--172779,Incidents,SR 62,Piute County,SR 62 at MP 10,"Crash
SR 62 at MP 10 (8 mi E of Kingston) Piute Co.
Est. Clearance Time: 2:39 PM","12/28/23, 1:40 PM","12/28/23, 2:39 PM","12/28/23, 1:40 PM",,38.175314,-112.065077
UT-Incident--172777,Incidents,California Ave,Salt Lake County,California Ave at Bangerter NB Hwy,"Crash
SB California Ave at Bangerter Hwy Salt Lake Co.
Right Shoulder
Est. Clearance Time: 2:45 PM","12/28/23, 12:43 PM","12/28/23, 2:45 PM","12/28/23, 1:14 PM",,40.743248,-111.989536
UT-Incident--172782,Incidents,SR 36,Tooele County,SR 36 at MP 56,"Crash
NB SR 36 at MP 56 (At 1000 N) (Tooele) Tooele Co.
Est. Clearance Time: 3:50 PM","12/28/23, 2:45 PM","12/28/23, 3:50 PM","12/28/23, 2:45 PM",,40.554334,-112.297621
UT-Incident--172781,Incidents,I-15,Juab County,I-15 at MP 228,"Crash
NB I-15 at MP 228 (2 mi N of Nephi) Juab Co.
Est. Clearance Time: 3:00 PM","12/28/23, 1:56 PM","12/28/23, 3:00 PM","12/28/23, 1:56 PM",,39.747541,-111.834299
UT-Incident--172783,Incidents,I-15,Salt Lake County,I-15 at MP 293,"Crash
NB I-15 at MP 293 (10600 S) Salt Lake Co.
Left Shoulder
Est. Clearance Time: 4:10 PM","12/28/23, 3:07 PM","12/28/23, 4:10 PM","12/28/23, 3:07 PM",,40.550055,-111.896336
UT-Incident--172785,Incidents,SR 18,Washington County,SR 18 at MP 15,"Crash
Both Directions SR 18 at MP 15 (Dammeron Valley) Washington Co.
Both Directions Closed
Est. Clearance Time: 5:30 PM","12/28/23, 4:25 PM","12/28/23, 5:30 PM","12/28/23, 4:25 PM",,37.276489,-113.649032
UT-Incident--172786,Incidents,SR 201,Salt Lake County,SR 201 at MP 15,"Crash
EB SR 201 On Ramp  at MP 15 (1300 W) Salt Lake Co.
SB to EB Ramp Closed
Est. Clearance Time: 6:00 PM","12/28/23, 4:51 PM","12/28/23, 6:00 PM","12/28/23, 5:04 PM",,40.724124,-111.943886
UT-Incident--172784,Incidents,US 89,Kane County,US 89 at MP 94,"Crash
Both Directions US 89 at MP 94 (4 mi N of Glendale) Kane Co.
Est. Clearance Time: 6:30 PM","12/28/23, 3:46 PM","12/28/23, 6:30 PM","12/28/23, 3:46 PM",,37.374207,-112.594084
UT-Incident--172788,Incidents,Riverdale Rd,Weber County,Riverdale Rd at 40th St,"Crash
WB Riverdale Rd at 40th St Weber Co.
Est. Clearance Time: 7:00 PM","12/28/23, 5:54 PM","12/28/23, 7:00 PM","12/28/23, 5:54 PM",,0.0,0.0
UT-Incident--172787,Incidents,I-80,Salt Lake County,I-80 at MP 109,"Medical
WB I-80 at MP 109 (5 mi E of Saltair) Salt Lake Co.
Center Lane Closed
Est. Clearance Time: 6:50 PM","12/28/23, 5:49 PM","12/28/23, 6:50 PM","12/28/23, 5:49 PM",,40.77111,-112.105407
UT-Incident--172790,Incidents,SR 32,Summit County,SR 32 at MP 28,"Crash
Other SR 32 at MP 28 (7 Mi N of Peoa) Summit Co.
Est. Clearance Time: 7:30 PM","12/28/23, 6:22 PM","12/28/23, 7:30 PM","12/28/23, 6:22 PM",,40.80244,-111.408778
UT-Incident--172792,Incidents,I-15,Iron County,I-15 at MP 57,"Crash
SB I-15 at MP 57 (Main St / Cedar City) Iron Co.
Right Shoulder
Est. Clearance Time: 7:30 PM","12/28/23, 6:26 PM","12/28/23, 7:30 PM","12/28/23, 6:26 PM",,37.654314,-113.082592
UT-Incident--172794,Incidents,SR 248,Summit County,SR 248 at MP 12,"Crash
Other SR 248 at MP 12 (2.5 MI from Main St) Summit Co.
Est. Clearance Time: 8:30 PM","12/28/23, 7:16 PM","12/28/23, 8:30 PM","12/28/23, 7:16 PM",,40.638861,-111.327841
UT-Incident--172797,Incidents,SR 26,Weber County,SR 26 at MP 1,"Crash
WB SR 26 at MP 1 (Riverdale Rd / I-84 Jct) Weber Co.
Est. Clearance Time: 9:00 PM","12/28/23, 7:53 PM","12/28/23, 9:00 PM","12/28/23, 7:53 PM",,41.174994,-112.009519
UT-Incident--172791,Incidents,Kearns Blvd,Summit County,Kearns Blvd at Wyatt Earp Way,"Crash
EB Kearns Blvd at Wyatt Earp Way Summit Co.
Est. Clearance Time: 7:30 PM","12/28/23, 6:23 PM","12/28/23, 7:30 PM","12/28/23, 6:23 PM",,40.668365,-111.485859
UT-Incident--172796,Incidents,SR 118,Sevier County,SR 118 at MP 10,"Crash
Other SR 118 at MP 10 (4.5 MI of Richfield) Sevier Co.
Est. Clearance Time: 9:00 PM","12/28/23, 7:52 PM","12/28/23, 9:00 PM","12/28/23, 7:52 PM",,38.687864,-112.121657
UT-Incident--172799,Incidents,800 W,Davis County,800 W at 500 S,"Crash
WB 500 S at 800 W (West Bountiful) Davis Co.
Est. Clearance Time: 10:00 PM","12/28/23, 8:32 PM","12/28/23, 10:01 PM","12/28/23, 9:17 PM",,40.884189,-111.902107
UT-Incident--172800,Incidents,US 189,Wasatch County,US 189 at MP 16,"Crash
EB US 189 at MP 16 (9 mi SW of Charleston) Wasatch Co.
Right Shoulder
Est. Clearance Time: 10:30 PM","12/28/23, 9:33 PM","12/28/23, 10:30 PM","12/28/23, 9:33 PM",,40.388104,-111.54897
UT-Incident--172804,Incidents,SR 193,Davis County,SR 193 at MP 3,"Crash
WB SR 193 at MP 3 (800 E Clearfield) Davis Co.
Right Shoulder
Est. Clearance Time: 11:30 PM","12/28/23, 10:24 PM","12/28/23, 11:30 PM","12/28/23, 10:26 PM",,41.103376,-111.957791
UT-Incident--172802,Incidents,SR 38,Box Elder County,SR 38 at MP 5,"Crash
SR 38 at MP 5 (3 mi S of Honeyville) Box Elder Co.
Est. Clearance Time: 11:30 PM","12/28/23, 10:13 PM","12/28/23, 11:30 PM","12/28/23, 10:13 PM",,41.595169,-112.045521
UT-Incident--172801,Incidents,US 6,Carbon County,US 6 at MP 235,"Crash
WB US 6 at MP 235 (4000 N, Spring Glen) Carbon Co.
Est. Clearance Time: 11:15 PM","12/28/23, 9:59 PM","12/28/23, 11:15 PM","12/28/23, 9:59 PM",,39.658837,-110.860727
UT-Incident--172805,Incidents,US 191,Duchesne County,US 191 at MP 265,"Crash
US 191 at MP 265 (15 miles N of Helper) Duchesne Co.
Est. Clearance Time: 12/29/2023 12:30 AM","12/28/23, 11:06 PM","12/29/23, 12:30 AM","12/28/23, 11:06 PM",,39.868778,-110.762554
UT-Incident--172798,Incidents,Main St,Iron County,Main St at Coal Creek Rd,"Crash
SB Main St at Coal Creek Rd Iron Co.
Right Lane Closed
Est. Clearance Time: 12/29/2023 12:00 AM","12/28/23, 8:22 PM","12/29/23, 12:00 AM","12/28/23, 11:21 PM",,37.687897,-113.061934
UT-Incident--172803,Incidents,I-84,Box Elder County,I-84 at MP 26,"Crash
EB I-84 at MP 26 (15 mi N of Tremonton) Box Elder Co.
Left Shoulder
Est. Clearance Time: 12/29/2023 12:30 AM","12/28/23, 10:23 PM","12/29/23, 12:30 AM","12/28/23, 11:51 PM",,41.822722,-112.420604
UT-Incident--172806,Incidents,Hwy 118,Sevier County,Hwy 118 at Venice Center St,"Crash
EB Hwy 118 at Venice Center St Sevier Co.
Est. Clearance Time: 1:43 AM","12/29/23, 12:44 AM","12/29/23, 1:43 AM","12/29/23, 12:44 AM",,38.798524,-112.032924
UT-Incident--172807,Incidents,I-15,Davis County,I-15 at MP 324,"Crash
SB I-15 at MP 324 (Park Ln) Davis Co.
Right Shoulder
Est. Clearance Time: 3:19 AM","12/29/23, 2:20 AM","12/29/23, 3:19 AM","12/29/23, 3:33 AM",,40.985152,-111.899709
UT-Incident--172808,Incidents,I-215 S,Salt Lake County,I-215 S at MP 12,"Medical
EB I-215 S at MP 12 (700 W/I-15 Jct) Salt Lake Co.
Right Lane Closed
Est. Clearance Time: 7:17 AM","12/29/23, 6:18 AM","12/29/23, 7:17 AM","12/29/23, 6:19 AM",,40.636258,-111.914012
UT-Incident--172810,Incidents,Legacy Pkwy,Davis County,Legacy Pkwy at MP 5,"Vehicle on fire
NB Legacy Pkwy at MP 5 ((400 N in West Bountiful) Davis Co.
Right Shoulder
Est. Clearance Time: 8:45 AM","12/29/23, 7:47 AM","12/29/23, 8:45 AM","12/29/23, 7:54 AM",,40.896517,-111.930505
UT-Incident--172809,Incidents,700 E,Salt Lake County,700 E at 3900 S,"Crash
SB 700 E at 3900 S Salt Lake Co.
EB 3900 Closed
Est. Clearance Time: 8:45 AM","12/29/23, 7:20 AM","12/29/23, 8:45 AM","12/29/23, 8:20 AM",,40.687072,-111.871369
UT-Incident--172813,Incidents,1300 E,Salt Lake County,1300 E at Vanwinkle Expy,"Crash
NB 1300 E at Vanwinkle Expy Salt Lake Co.
Right Lane Closed
Est. Clearance Time: 10:01 AM","12/29/23, 9:03 AM","12/29/23, 10:01 AM","12/29/23, 9:03 AM",,40.659224,-111.854426
UT-Incident--172814,Incidents,I-15 SB X51 OFF OLD US 91 RAMP,Iron County,I-15 SB X51 OFF OLD US 91 RAMP at OLD US 91,"Crash
SB I-15 Exit 51 OFF OLD US 91 RAMP at OLD US 91 Iron Co.
Exit 51 Closed
Est. Clearance Time: 1:14 PM","12/29/23, 9:15 AM","12/29/23, 2:30 PM","12/29/23, 9:50 AM",,37.604848,-113.16015
UT-Incident--172815,Incidents,Vanwinkle Expy,Salt Lake County,Vanwinkle Expy at 4800 S,"Crash
SB Vanwinkle Expy at 4800 S Salt Lake Co.
Right Lane Closed
Est. Clearance Time: 10:35 AM","12/29/23, 9:37 AM","12/29/23, 10:35 AM","12/29/23, 9:37 AM",,40.666001,-111.866466
UT-Incident--172818,Incidents,I-15,Salt Lake County,I-15 at MP 286,"Crash
SB I-15 at MP 286 (15800 S) Salt Lake Co.
Left Shoulder
Est. Clearance Time: 1:10 PM","12/29/23, 12:08 PM","12/29/23, 1:10 PM","12/29/23, 12:09 PM",,40.453646,-111.91388
UT-Incident--172820,Incidents,State St,Salt Lake County,State St at 2700 S,"SB State St Closed
 at 2700 S Salt Lake Co.
Use Alt Route","12/29/23, 1:26 PM","12/29/23, 2:24 PM","12/29/23, 1:26 PM",,40.711823,-111.888264
UT-Incident--172821,Incidents,I-80,Salt Lake County,I-80 at MP 132,"Crash
WB I-80 at MP 132 Off Ramp (1 mi E of the Quarry) Salt Lake Co.
Right Shoulder
Est. Clearance Time: 3:45 PM","12/29/23, 2:32 PM","12/29/23, 3:45 PM","12/29/23, 2:32 PM",,40.741134,-111.741641
UT-Incident--172822,Incidents,Cross Hollow Rd,Iron County,Cross Hollow Rd at I-15 NB Fwy,"Crash
EB Cross Hollow Rd at I-15 NB Fwy Iron Co.
Left Lane Blocked
Est. Clearance Time: 3:47 PM","12/29/23, 2:48 PM","12/29/23, 3:47 PM","12/29/23, 2:48 PM",,37.655018,-113.08421
UT-Incident--172823,Incidents,I-15,Davis County,I-15 at MP 318,"Crash
SB I-15 at MP 318 (500 W, Bntfl) Davis Co.
Right Shoulder
Est. Clearance Time: 4:07 PM","12/29/23, 3:08 PM","12/29/23, 4:07 PM","12/29/23, 3:08 PM",,40.900348,-111.893142
UT-Incident--172825,Incidents,1800 N,Davis County,1800 N at 2000 W,"Crash
EB 1800 N at 2000 W Davis Co.
2 Left Lanes Closed
Est. Clearance Time: 4:45 PM","12/29/23, 3:38 PM","12/29/23, 4:45 PM","12/29/23, 3:38 PM",,41.139868,-112.064454
UT-Incident--172824,Incidents,3500 W,Weber County,3500 W at 5600 S,"Crash
NB 3500 W at 5600 S Weber Co.
Est. Clearance Time: 4:45 PM","12/29/23, 3:31 PM","12/29/23, 4:45 PM","12/29/23, 3:31 PM",,0.0,0.0
UT-Incident--172819,Incidents,I-84,Weber County,I-84 at MP 90,"Crash
WB I-84 at MP 90 (2 mi W of Mountain Green) Weber Co.
Right Shoulder
Est. Clearance Time: 3:45 PM","12/29/23, 12:29 PM","12/29/23, 3:45 PM","12/29/23, 3:30 PM",,41.138009,-111.872556
UT-Incident--172817,Incidents,I-15,Juab County,I-15 at MP 220,"Lane Closure
SB I-15 at MP 227 to MP 220 (Nephi) Juab Co.
Right Lane Closed
Expect delays through the area","12/29/23, 12:01 PM","12/31/23, 11:59 PM","12/29/23, 1:34 PM",,39.659286,-111.8838
UT-Incident--172826,Incidents,Legacy Pkwy,Davis County,Legacy Pkwy at MP 7,"Crash
NB Legacy Pkwy at MP 7 (900 W, Centerville) Davis Co.
Right Shoulder
Est. Clearance Time: 6:15 PM","12/29/23, 4:53 PM","12/29/23, 6:15 PM","12/29/23, 4:53 PM",,40.916844,-111.903881
UT-Incident--172827,Incidents,Mountain View Corr,Salt Lake County,Mountain View Corr at MP 8,"Crash
SB Mountain View Corr at MP 8 (13200 S) Salt Lake Co.
Right Lane Closed
Est. Clearance Time: 6:00 PM","12/29/23, 4:58 PM","12/29/23, 6:00 PM","12/29/23, 4:58 PM",,40.509227,-112.003732
UT-Incident--172828,Incidents,US 6,Carbon County,US 6 at MP 243,"Crash
WB US 6 at MP 243 (Exit 243, SR-55, Price) Carbon Co.
Right Shoulder
Est. Clearance Time: 6:15 PM","12/29/23, 5:13 PM","12/29/23, 6:15 PM","12/29/23, 5:13 PM",,39.5784,-110.785794
UT-Incident--172836,Incidents,I-15,Salt Lake County,I-15 at MP 294,"Crash
NB I-15 at MP 294 (10200 S) Salt Lake Co.
Right Shoulder
Est. Clearance Time: 7:35 PM","12/29/23, 6:29 PM","12/29/23, 7:35 PM","12/29/23, 6:29 PM",,40.564298,-111.899489
UT-Incident--172832,Incidents,Main St,Sevier County,Main St at 300 S,"Crash
NB Main St at 300 S Sevier Co.
2 Left Lanes Closed
Est. Clearance Time: 7:00 PM","12/29/23, 6:02 PM","12/29/23, 7:00 PM","12/29/23, 6:02 PM",,0.0,0.0
UT-Incident--172834,Incidents,SR 201,Salt Lake County,SR 201 at MP 14,"Crash
WB SR 201 at MP 14 (3000 W) Salt Lake Co.
Right Shoulder
Est. Clearance Time: 7:15 PM","12/29/23, 6:10 PM","12/29/23, 7:15 PM","12/29/23, 6:10 PM",,40.72606,-111.962907
UT-Incident--172831,Incidents,US 89,Davis County,US 89 at MP 397,"Crash
SB US 89 at MP 397 (1400 N / Farmington) Davis Co.
Right Shoulder
Est. Clearance Time: 7:00 PM","12/29/23, 5:59 PM","12/29/23, 7:00 PM","12/29/23, 5:59 PM",,41.002967,-111.908705
UT-Incident--172835,Incidents,Wall Ave,Weber County,Wall Ave at 22nd St,"Crash
NB Wall Ave at 22nd St Weber Co.
2 Right Lanes Closed
Est. Clearance Time: 7:15 PM","12/29/23, 6:12 PM","12/29/23, 7:15 PM","12/29/23, 6:12 PM",,41.227045,-111.978726
UT-Incident--172839,Incidents,I-80,Salt Lake County,I-80 at MP 123,"Stalled Vehicle
EB I-80 at MP 123 Off Ramp (I-15 Jct) Salt Lake Co.
Center Lane Closed
Est. Clearance Time: 8:15 PM","12/29/23, 7:06 PM","12/29/23, 8:15 PM","12/29/23, 7:06 PM",,40.718332,-111.893095
UT-Incident--172838,Incidents,Wall Ave,Weber County,Wall Ave at 30th St,"Crash
SB Wall Ave at 30th St Weber Co.
2 Right Lanes Closed
Est. Clearance Time: 8:15 PM","12/29/23, 6:58 PM","12/29/23, 8:15 PM","12/29/23, 7:09 PM",,0.0,0.0
UT-Incident--172840,Incidents,I-15,Salt Lake County,I-15 at MP 306,"Crash
NB I-15 at MP 306 Off Ramp (1300 S) Salt Lake Co.
Right Shoulder
Est. Clearance Time: 8:25 PM","12/29/23, 7:12 PM","12/29/23, 8:25 PM","12/29/23, 7:21 PM",,40.736823,-111.90475
UT-Incident--172833,Incidents,US 89,Sanpete County,US 89 at MP 267,"Crash
 US 89 at MP 267 (SR-132 Jct) Sanpete Co.
Right Shoulder
Est. Clearance Time: 7:15 PM","12/29/23, 6:04 PM","12/29/23, 7:45 PM","12/29/23, 7:34 PM",,39.416924,-111.560119
UT-Incident--172841,Incidents,SR 224,Summit County,SR 224 at MP 10,"Crash
SB SR 224 at MP 10 (Silver Springs Rd) Summit Co.
Right Shoulder
Est. Clearance Time: 10:00 PM","12/29/23, 9:02 PM","12/29/23, 10:00 PM","12/29/23, 9:02 PM",,40.705184,-111.546679
UT-Incident--172842,Incidents,I-15,Salt Lake County,I-15 at MP 288,"Stalled Vehicle
SB I-15 at MP 288 Off Ramp (14600 S) Salt Lake Co.
Left Lane Closed
Est. Clearance Time: 10:35 PM","12/29/23, 9:35 PM","12/29/23, 10:35 PM","12/29/23, 9:35 PM",,40.480607,-111.902252
UT-Incident--172844,Incidents,State St,Utah County,State St at 400 N,"Crash
SB State St at 400 N Utah Co.
Right Shoulder
Est. Clearance Time: 12/30/2023 12:15 AM","12/29/23, 11:06 PM","12/30/23, 12:15 AM","12/29/23, 11:06 PM",,,
UT-Incident--172845,Incidents,I-15,Beaver County,I-15 at MP 117,"Vehicle on fire
NB I-15 at MP 117 (6 mi N of Beaver) Beaver Co.
Right Shoulder
Est. Clearance Time: 12/30/2023 12:30 AM","12/29/23, 11:24 PM","12/30/23, 12:30 AM","12/29/23, 11:41 PM",,38.368449,-112.66265
UT-Incident--172846,Incidents,I-70,Grand County,I-70 at MP 212,"Vehicle on fire
WB I-70 at MP 212 (19 mi W of UT/CO border) Grand Co.
Est. Clearance Time: 12/30/2023 12:45 AM","12/29/23, 11:25 PM","12/30/23, 12:45 AM","12/29/23, 11:25 PM",,39.009443,-109.309388
UT-Incident--172843,Incidents,I-15,Salt Lake County,I-15 at MP 303,"Crash
NB I-15 at MP 303 (3300 S) Salt Lake Co.
Right Shoulder
Est. Clearance Time: 1:00 AM","12/29/23, 10:22 PM","12/30/23, 1:00 AM","12/30/23, 1:05 AM",,40.693589,-111.902881
UT-Incident--172849,Incidents,I-15,Salt Lake County,I-15 at MP 308,"Crash
NB I-15 at400 South Off Ramp Mile Post 308  Salt Lake Co.
Off Ramp Closed 
Est. Clearance Time: 3:00 AM","12/30/23, 1:40 AM","12/30/23, 3:00 AM","12/30/23, 1:43 AM",,40.763745,-111.914284
UT-Incident--172852,Incidents,I-215 W,Salt Lake County,I-215 W at MP 15,"Crash
NB I-215 W at MP 15 (4700 S) Salt Lake Co.
Right Shoulder
Est. Clearance Time: 8:24 AM","12/30/23, 7:25 AM","12/30/23, 8:24 AM","12/30/23, 7:55 AM",,40.659924,-111.952783
UT-Incident--172850,Incidents,I-80 WB X99 OFF SR 36 RAMP,Tooele County,I-80 WB X99 OFF SR 36 RAMP at HWY 36,"Crash
WB I-80 at SR-36 Off Ramp, Tooele Co.
Right Shoulder
Est. Clearance Time: 6:52 AM","12/30/23, 5:53 AM","12/30/23, 9:52 AM","12/30/23, 8:49 AM",,40.700601,-112.258521
UT-Incident--172851,Incidents,I-80,Tooele County,I-80 at MP 42,"Crash
EB I-80 at MP 42 (1 mi E of Knolls) Tooele Co.
Right Shoulder
Est. Clearance Time: 9:06 AM","12/30/23, 7:07 AM","12/30/23, 9:06 AM","12/30/23, 8:50 AM",,40.727206,-113.244962
UT-Incident--172853,Incidents,I-15,Utah County,I-15 at MP 276,"Stalled Vehicle
SB I-15 at MP 276 (500 E / American Fork) Utah Co.
Right Shoulder
Est. Clearance Time: 11:20 AM","12/30/23, 10:21 AM","12/30/23, 11:20 AM","12/30/23, 10:21 AM",,40.355866,-111.778344
UT-Incident--172855,Incidents,I-15,Salt Lake County,I-15 at MP 302,"Crash
SB I-15 at MP 302 (4100 S) Salt Lake Co.
Right Shoulder
Est. Clearance Time: 12:50 PM","12/30/23, 11:51 AM","12/30/23, 12:50 PM","12/30/23, 11:51 AM",,40.679062,-111.902181
UT-Incident--172856,Incidents,I-15,Utah County,I-15 at MP 263,"Police incident
SB I-15 at MP 263 (University Ave / Provo) Utah Co.
Right Lane Closed
Est. Clearance Time: 1:33 PM","12/30/23, 12:34 PM","12/30/23, 1:33 PM","12/30/23, 12:34 PM",,40.203376,-111.655441
UT-Incident--172854,Incidents,SR 92,Utah County,SR 92 at MP 13,"Crash
EB SR 92 at MP 13 (SR-144 Jct) Utah Co.
Right Shoulder
Est. Clearance Time: 12:03 PM","12/30/23, 11:04 AM","12/30/23, 12:03 PM","12/30/23, 11:18 AM",,40.451439,-111.655207
UT-Incident--172857,Incidents,I-15,Weber County,I-15 at MP 344,"Crash
SB I-15 at MP 344 (24th St) Weber Co.
Right Shoulder
Est. Clearance Time: 1:54 PM","12/30/23, 12:55 PM","12/30/23, 1:54 PM","12/30/23, 12:55 PM",,41.230556,-112.01298
UT-Incident--172858,Incidents,I-15,Salt Lake County,I-15 at MP 307,"Crash
SB I-15 at MP 307 (600 S) Salt Lake Co.
Right Lane Closed
Est. Clearance Time: 3:20 PM","12/30/23, 2:17 PM","12/30/23, 3:20 PM","12/30/23, 2:17 PM",,40.74966,-111.90976
UT-Incident--172859,Incidents,I-15,Weber County,I-15 at MP 341,"Crash
NB I-15 at MP 341 (31st St, Ogden) Weber Co.
Left Shoulder
Est. Clearance Time: 4:11 PM","12/30/23, 3:21 PM","12/30/23, 4:11 PM","12/30/23, 3:21 PM",,41.194004,-112.002614
UT-Incident--172861,Incidents,I-15,Washington County,I-15 at MP 23,"Crash
SB I-15 at MP 23 (Center St / Leeds) Washington Co.
Left Lane Closed
Est. Clearance Time: 6:15 PM","12/30/23, 5:00 PM","12/30/23, 6:15 PM","12/30/23, 5:00 PM",,37.239089,-113.364384
UT-Incident--172863,Incidents,300 W,Salt Lake County,300 W at 400 S,"Crash
All Directions 300 W at 400 S Salt Lake Co.
Left Lanes Closed All Directions
Est. Clearance Time: 7:15 PM","12/30/23, 6:01 PM","12/30/23, 7:15 PM","12/30/23, 6:01 PM",,40.761734,-111.89967
UT-Incident--172866,Incidents,I-15,Utah County,I-15 at MP 257,"Debris
NB I-15 at MP 257 (Main St / Spanish Fork) Utah Co.
Right Shoulder
Est. Clearance Time: 7:55 PM","12/30/23, 6:36 PM","12/30/23, 7:55 PM","12/30/23, 6:36 PM",,40.122652,-111.658929
UT-Incident--172867,Incidents,US 40,Wasatch County,US 40 at US 189,"Crash
SB US 40 at US 189 (19 mi S of Heber) Wasatch Co.
Est. Clearance Time: 8:00 PM","12/30/23, 6:41 PM","12/30/23, 8:00 PM","12/30/23, 6:41 PM",,40.243881,-111.186309
UT-Incident--172865,Incidents,US 89,Sanpete County,US 89 at MP 249,"Crash
Other US 89 at MP 249 (Sterling) Sanpete Co.
Est. Clearance Time: 7:45 PM","12/30/23, 6:15 PM","12/30/23, 7:45 PM","12/30/23, 6:15 PM",,39.186679,-111.694467
UT-Incident--172868,Incidents,I-15,Juab County,I-15 at MP 225,"Crash
NB I-15 at MP 225 (100 S / Nephi) Juab Co.
Left Shoulder
Est. Clearance Time: 8:15 PM","12/30/23, 7:00 PM","12/30/23, 8:15 PM","12/30/23, 7:00 PM",,39.707193,-111.818689
UT-Incident--172862,Incidents,I-80,Tooele County,I-80 at MP 60,"Crash
WB I-80 at MP 60 (19 mi E of Knolls) Tooele Co.
Left Lane Closed
Est. Clearance Time: 9:45 PM","12/30/23, 5:23 PM","12/30/23, 9:45 PM","12/30/23, 5:52 PM",,40.807999,-112.933391
UT-Incident--172869,Incidents,Main St,Tooele County,Main St at Utah Ave,"Crash
NB Main St at Utah Ave Tooele Co.
2 Right Lanes Closed
Est. Clearance Time: 10:15 PM","12/30/23, 8:57 PM","12/30/23, 10:15 PM","12/30/23, 8:57 PM",,40.535397,-112.298456
UT-Incident--172870,Incidents,US 89,Sanpete County,US 89 at MP 267,"Crash
US 89 at MP 267 (SR-132 Jct) Sanpete Co.
Est. Clearance Time: 10:30 PM","12/30/23, 9:31 PM","12/30/23, 10:30 PM","12/30/23, 9:31 PM",,39.416924,-111.560119
UT-Incident--172864,Incidents,5600 W,Salt Lake County,5600 W at 700 S,"Signal problems
All Directions 5600 W at 700 S Salt Lake Co.
Treat as 4-Way Stop","12/30/23, 6:12 PM","12/30/23, 9:15 PM","12/30/23, 8:41 PM",,40.754794,-112.024932
UT-Incident--172871,Incidents,US 191,Uintah County,US 191 at MP 370,"Crash
US 191 at MP 370 (14 miles N of Vernal) Uintah Co.
Est. Clearance Time: 11:30 PM","12/30/23, 9:50 PM","12/30/23, 11:30 PM","12/30/23, 11:00 PM",,40.650848,-109.489313
UT-Incident--172872,Incidents,I-15,Weber County,I-15 at MP 343,"Crash
NB I-15 Off Ramp at MP 343 (Ogden) Weber Co.
Left Shoulder
Est. Clearance Time: 12/31/2023 12:30 AM","12/30/23, 11:23 PM","12/31/23, 12:30 AM","12/30/23, 11:23 PM",,41.218498,-112.004065
UT-Incident--172873,Incidents,I-70,Emery County,I-70 at MP 162,"Crash
EB I-70 at MP 162 (Green River) Emery Co.
Right Shoulder
Est. Clearance Time: 12/31/2023 12:28 AM","12/30/23, 11:29 PM","12/31/23, 12:28 AM","12/30/23, 11:29 PM",,38.982546,-110.162836
UT-Incident--172874,Incidents,I-80,Summit County,I-80 at MP 185,"Crash
WB I-80 at MP 185 (5 mi E of Emory) Summit Co.
Right Shoulder
Est. Clearance Time: 2:02 AM","12/31/23, 12:04 AM","12/31/23, 2:02 AM","12/31/23, 1:05 AM",,41.124958,-111.169319
UT-Incident--172875,Incidents,I-15,Salt Lake County,I-15 at MP 288,"Crash
SB I-15 at MP 288 (14600 S) Salt Lake Co.
Left Shoulder
Est. Clearance Time: 3:25 AM","12/31/23, 2:26 AM","12/31/23, 3:25 AM","12/31/23, 2:39 AM",,40.480607,-111.902252
UT-Incident--172876,Incidents,SR 121,Uintah County,SR 121 at MP 39,"Crash
Other SR 121 at MP 39 (1 Mi W of Vernal) Uintah Co.
Est. Clearance Time: 7:20 AM","12/31/23, 6:21 AM","12/31/23, 7:20 AM","12/31/23, 6:21 AM",,40.462737,-109.553707
UT-Incident--172877,Incidents,3100 S,Salt Lake County,3100 S at Bangerter Hwy,"Crash
WB 3100 S at Bangerter Hwy (Salt Lake County)
Left Lane Closed
Est. Clearance Time: 8:40 AM","12/31/23, 7:06 AM","12/31/23, 8:40 AM","12/31/23, 8:00 AM",,40.703886,-111.980001
UT-Incident--172879,Incidents,US 191,Carbon County,US 191 at MP 252,"Vehicle on fire
SB US 191 at MP 252 (Carbon County)
Est. Clearance Time: 9:00 AM","12/31/23, 7:57 AM","12/31/23, 9:00 AM","12/31/23, 7:59 AM",,39.72584,-110.861789
UT-Incident--172878,Incidents,US 40,Wasatch County,US 40 at MP 43,"Crash
Other US 40 at MP 43 (Wasatch County)
Est. Clearance Time: 9:08 AM","12/31/23, 7:09 AM","12/31/23, 9:08 AM","12/31/23, 8:22 AM",,40.235504,-111.134089
UT-Incident--172880,Incidents,I-15,Salt Lake County,I-15 at MP 305,"Crash
NB I-15 at MP 305 on SR-201 on Collector (2100 S) Salt Lake Co.
Left Shoulder
Est. Clearance Time: 10:45 AM","12/31/23, 9:18 AM","12/31/23, 10:45 AM","12/31/23, 9:18 AM",,40.722344,-111.904691
UT-Incident--172882,Incidents,Weber Canyon Rd,Summit County,Weber Canyon Rd at Hwy 32,"Crash
Weber Canyon Rd at Hwy 32 (Summit County)
Est. Clearance Time: 12:30 PM","12/31/23, 11:31 AM","12/31/23, 12:30 PM","12/31/23, 11:31 AM",,40.716477,-111.300296
UT-Incident--172883,Incidents,I-15,Salt Lake County,I-15 at MP 300,"Crash
On ramp I-15 at MP 300 (5200 S) Salt Lake Co.
Right Shoulder Closed
Est. Clearance Time: 2:00 PM","12/31/23, 12:29 PM","12/31/23, 2:00 PM","12/31/23, 12:46 PM",,40.649847,-111.90236
UT-Incident--172884,Incidents,Wall Ave,Weber County,Wall Ave at 30th St,"Crash
SB Wall Ave at 30th St (Weber County)
Left Lane Closed
Est. Clearance Time: 3:00 PM","12/31/23, 2:02 PM","12/31/23, 3:00 PM","12/31/23, 2:02 PM",,0.0,0.0
UT-Incident--172885,Incidents,I-15,Salt Lake County,I-15 at MP 288,"Stalled Vehicle
SB I-15 at MP 288 (14600 S) Salt Lake Co.
Right Shoulder
Est. Clearance Time: 3:07 PM","12/31/23, 2:08 PM","12/31/23, 3:07 PM","12/31/23, 2:08 PM",,40.480607,-111.902252
UT-Incident--172887,Incidents,I-15,Salt Lake County,I-15 at MP 301,"Police incident
NB I-15 is closed at MP 301 (4500 S) Salt Lake Co.
Use Alt Route","12/31/23, 2:44 PM","12/31/23, 3:40 PM","12/31/23, 2:44 PM",,40.664677,-111.90152
UT-Incident--172886,Incidents,I-15,Davis County,I-15 at MP 318,"Crash
SB I-15 at MP 318 (500 W, Bntfl) Davis Co.
HOV Lane Closed
Est. Clearance Time: 3:40 PM","12/31/23, 2:40 PM","12/31/23, 3:40 PM","12/31/23, 3:21 PM",,40.900348,-111.893142
UT-Incident--172888,Incidents,I-15,Davis County,I-15 at MP 316,"Crash
SB I-15 at MP 316 (1500 S, Woods X) Davis Co.
Left Lane closed
Est. Clearance Time: 3:45 PM","12/31/23, 2:45 PM","12/31/23, 3:45 PM","12/31/23, 2:46 PM",,40.87142,-111.897275
UT-Incident--172890,Incidents,US 89,Weber County,US 89 at MP 412,"Crash
NB US 89 at MP 412 (32nd  / Ogden) Weber Co.
Right Shoulder
Est. Clearance Time: 6:34 PM","12/31/23, 6:07 PM","12/31/23, 6:34 PM","12/31/23, 6:07 PM",,41.195196,-111.971052
UT-Incident--172893,Incidents,SR 224,Summit County,SR 224 at MP 8,"Crash
NB SR 224 Closed
 at MP 8 (Creek Dr) Summit Co.","12/31/23, 8:25 PM","12/31/23, 9:24 PM","12/31/23, 8:46 PM",,40.681162,-111.532215
UT-Incident--172892,Incidents,I-15,Utah County,I-15 at MP 283,"Vehicle on fire
SB I-15 at MP 283 (Lehi) Utah Co.
Right Lane Closed
Est. Clearance Time: 8:47 PM","12/31/23, 7:48 PM","12/31/23, 8:47 PM","12/31/23, 8:05 PM",,40.420056,-111.878496
,Type,Route,County,Location,Description,Start Time,Anticipated End Time,Last Updated,,,
,Type,Route,County,Location,Description,Start Time,Anticipated End Time,Last Updated,,,
